振り分け表の事業所名,人数,団体CD,健診ナビの団体名,備考
有限会社 アシスト,22,0000000245,【福生】有限会社アシスト,自動一致
株式会社 福生ハム,21,0000000308,【福生】株式会社福生ハム,自動一致
有限会社 カワベ,14,0000000267,【福生】有限会社カワベ,自動一致
株式会社 めるざさ,14,0000000318,【福生】株式会社めるざさ,自動一致
アースコンシャス（株）,14,0000000246,【福生】アースコンシャス株式会社,自動一致
（有）佐々木企業,13,0000000276,【福生】有限会社佐々木企業,自動一致
有限会社 瀬古本店,13,0000000284,【福生】有限会社瀬古本店,自動一致
福生市商工会,11,0000000307,【福生】福生市商工会,自動一致
（株）オクダコーポレーション,11,0000000263,【福生】株式会社オクダコーポレーション,自動一致
株式会社 細谷電機,9,0000000310,【福生】株式会社細谷電機,自動一致
Green's株式会社,9,0000000271,【福生】Green's 株式会社,自動一致
有限会社 上田屋,8,0000000259,【福生】有限会社上田屋,自動一致
（有）美政運輸,8,0000000314,【福生】有限会社美政運輸,自動一致
（株）ｼﾞｰﾃﾞｨｰｺｰﾎﾟﾚｲｼｮﾝ,8,0000000278,【福生】株式会社ジーディーコーポレイション,自動一致
（株）モアファースト,7,0000000319,【福生】株式会社モアファースト,自動一致
純電工 株式会社,7,0000000279,【福生】純電工株式会社,自動一致
（有）島田屋,7,0000000277,【福生】有限会社島田屋,自動一致
ｾﾌﾞﾝｲﾚﾌﾞﾝ福生武蔵町台1丁目店,6,0000000285,【福生】セブンイレブン福生武蔵野台1丁目店,★要確認: 町/野 の違い
Team Danke Racing,6,0000000289,【福生】Team Danke Racing,自動一致
（有）ファーイースト,4,0000000305,【福生】有限会社ファーイースト,自動一致
株式会社 店舗開発,4,0000000291,【福生】株式会社店舗開発,自動一致
ﾘﾄﾙﾍﾞｱｲﾝﾀｰﾅｼｮﾅﾙｽｸｰﾙ,4,0000000323,【福生】リトルベアインターナショナル,★要確認: スクールの有無
（株）ｴﾙﾐｯｸｶｰﾛｼﾞｽﾄ,4,0000000262,【福生】株式会社エルミックカーロジスト,自動一致
富永春雄税理士事務所,4,0000000292,【福生】富永春雄税理士事務所,自動一致
有限会社 エムアイティ,4,0000000261,【福生】有限会社エムアイティ,自動一致
ﾋﾞｭｰﾃｨｰﾗﾊﾞｰｽﾞ,4,0000000448,【福生】ビューティ　ラバーズ,自動一致
五十嵐企画,3,0000000254,【福生】五十嵐企画,自動一致
グッドキングス,3,0000000270,【福生】グッドキングス,自動一致
（有）小野電気,3,0000000264,【福生】有限会社小野電気,自動一致
森田鈑金加工所,3,0000000320,【福生】森田板金加工所,★要確認: 鈑/板 の違い
（株）ｹｰ･ｴｽ･ｹｰ ﾀｲﾔ館 福生,3,0000000273,【福生】株式会社ケー・エス・ケータイヤ館福生,自動一致
株式会社 M.I.P,3,0000000260,【福生】株式会社M.I.P,自動一致
（株）西多摩新聞社,3,0000000295,【福生】株式会社西多摩新聞社,自動一致
三澤税理士事務所,3,0000000315,【福生】三澤税理士事務所,自動一致
宮﨑電気 株式会社,3,0000000316,【福生】宮﨑電気株式会社,自動一致
有限会社ハローデンタル,3,0000000303,【福生】有限会社ハローデンタル,自動一致
INSPIRE Japan 株式会社,3,0000000252,【福生】INSPIRE Japan株式会社,自動一致
ｾﾌﾞﾝｲﾚﾌﾞﾝ福生牛浜駅南店,3,0000000481,【福生】セブンイレブン福生牛浜駅南店,自動一致
ILL CLIPPER BARBER SHOP,2,0000000256,【福生】イルクリッパー,★要確認: 英語/カナ
（株）滝口測量設計事務所,2,0000000288,【福生】株式会社滝口測量設計事務所,自動一致
株式会社 根間,2,0000000452,【福生】株式会社根間,自動一致
中村建装,2,0000000294,【福生】中村建装,自動一致
有限会社 カジヤ,2,0000000265,【福生】有限会社カジヤ,自動一致
（株）エスピープロ,2,0000000450,【福生】株式会社エスピー・プロ,自動一致
嵯峨野 株式会社,2,0000000274,【福生】嵯峨野株式会社,自動一致
Bakery Fuku,2,0000000456,【福生】Bakery　Fuku,自動一致
（有）あっぷ印刷工房,2,0000000250,【福生】有限会社あっぷ印刷工房,自動一致
（株）ｽﾘｰﾌｧｲﾝﾃｯｸ,2,0000000281,【福生】株式会社スリーファインテック,自動一致
日生電機（株）,2,0000000297,【福生】日生電機株式会社,自動一致
（株）二十三商会,2,0000000296,【福生】株式会社二十三商会,自動一致
樋口木型,2,0000000304,【福生】樋口木型,自動一致
合同会社 つぼみ,2,0000000290,【福生】合同会社つぼみ,自動一致
（有）サイクルメイトカミヤ,1,0000000275,【福生】有限会社サイクルメイトカミヤ,自動一致
（有）岩村電気工業,1,0000000253,【福生】有限会社岩村電気工業,自動一致
焼肉 万蔵,1,0000000312,【福生】焼肉　万蔵,自動一致
（株）プラスリ,1,0000000309,【福生】株式会社プラスリ,自動一致
personal gym LIY,1,0000000301,【福生】personal gym LIY,自動一致
梶山内装,1,0000000268,【福生】梶山内装,自動一致
（株）川口ブロック,1,0000000269,【福生】株式会社川口ブロック,自動一致
柳田税務会計事務所,1,0000000449,【福生】柳田税務会計事務所,自動一致
有限会社 麻生マーク,1,0000000249,【福生】有限会社麻生マーク,自動一致
femcare salon NAVI,1,0000000306,【福生】femcaresalon NAVI,自動一致
（株）アイ・エス・ディー,1,0000000247,【福生】株式会社アイ・エス・ディー,自動一致
内田建築設計事務所,1,0000000257,【福生】内田建築設計事務所,自動一致
ティーリーフあや,1,0000000465,【福生】ディーリーフあや,★要確認: テ/デ の違い
（株）ｹｲ･ｱｲｺｰﾎﾟﾚｰｼｮﾝ,1,0000000272,【福生】株式会社ケイ・アイコーポレーション,自動一致
貫井司法書士事務所,1,0000000299,【福生】貫井司法書士事務所,自動一致
株式会社ミナテック,1,0000000317,【福生】株式会社ミナテック,自動一致
有限会社 慈眼鍼灸院,1,0000000451,【福生】有限会社慈眼鍼灸院,自動一致
（有）モリヤ電気,1,0000000464,【福生】有限会社モリヤ電気,自動一致
たつあん,1,0000000287,【福生】たつあん,自動一致
たこやき うみ,1,0000000447,【福生】たこやき　うみ,自動一致
（株）やまぶんの麺,1,0000000321,【福生】株式会社やまぶんの麺,自動一致
名取内装,1,0000000293,【福生】名取内装,自動一致
（有）井上商店,1,0000000248,【福生】有限会社井上商店,自動一致
(株)マルミ運動具店,1,0000000313,【福生】株式会社マルミ運動具店,自動一致
やざまるクリーニング,1,0000000322,【福生】やざまるクリーニング,自動一致
