Col,Col2,Label,Kind,KOMOKU_CD,SYOKEN_CD,SYOKEN_CD2,CodeMap,IfEmpty,ReqCol,Format,Optional,Note
# DETECT=HEADER:カルテ№,便ﾍﾓ,その他№,総ﾋﾞﾘﾙﾋﾞﾝ
# DETECT=COLS:53-53
# LABEL=SRL血液 (53列・2026/09受領の実ファイル SRL_20260903_20260910 に合わせた)
# 52列版との違い: 3列目が氏名(カナ)・4列目がカルテ№(受付番号)・5列目にその他№(空)が入り、
#   46列目に総ビリルビンが増えて HBs/HCV が1列ずつ後ろにずれた。6〜45列は52列版と同じ。
1,,受付日,KENYMD,,,,,,,,,260721 のような形でも読める
2,,報告日,IGNORE,,,,,,,,,
3,,氏名(カナ),NAMEKANA,,,,,,,,,取り違え防止の照合に使う。53列版は3列目
4,,受付番号,KENNO,,,,,,,,,見出しはカルテ№だが中身は当院の受付番号。53列版は4列目
5,,その他№,IGNORE,,,,,,,,,53列版で増えた列。空
6,,総蛋白(TP),VALUE,,,,,,,,,このコースに枠が無ければ項目CD未設定のまま
7,,アルブミン,VALUE,,,,,,,,,
8,,尿素窒素(BUN),VALUE,,,,,,,,,
9,,クレアチニン,VALUE,068674,,,,,,,,
10,,尿酸,VALUE,068675,,,,,,,,
11,,総コレステロール,VALUE,068705,,,,,,,,
12,,LDLコレステロール,VALUE,068709,,,,,,,,
13,,HDLコレステロール,VALUE,068708,,,,,,,,
14,,中性脂肪,VALUE,R06-0002,,,,,,,,
15,,AST(GOT),VALUE,068636,,,,,,,,
16,,ALT(GPT),VALUE,068637,,,,,,,,
17,,ALP,VALUE,068645,,,,,,,,
18,,γ-GTP,VALUE,068652,,,,,,,,
19,,血糖,VALUE,068682,,,,,,,,
20,,HbA1c,VALUE,068689,,,,,,,1,【Optional】コースに枠が無い人はエラーにせず取込対象外にする (2026/10/09 石屋: eGFR/MCV/MCH/MCHCは全員枠なし、HbA1c/血小板/便潜血はコースで有無が違った)
21,,白血球数,VALUE,069003,,,,,,,,
22,,赤血球数,VALUE,069004,,,,,,,,
23,,血色素量,VALUE,069005,,,,,,,,
24,,ヘマトクリット,VALUE,069006,,,,,,,,
25,,血小板数,VALUE,069010,,,,,,,1,【Optional】コースに枠が無い人はエラーにせず取込対象外にする (2026/10/09 石屋: eGFR/MCV/MCH/MCHCは全員枠なし、HbA1c/血小板/便潜血はコースで有無が違った)
26,,Na,VALUE,,,,,,,,,
27,,K,VALUE,,,,,,,,,
28,,Cl,VALUE,,,,,,,,,
29,,eGFR,VALUE,068676,,,,,,,1,【Optional】コースに枠が無い人はエラーにせず取込対象外にする (2026/10/09 石屋: eGFR/MCV/MCH/MCHCは全員枠なし、HbA1c/血小板/便潜血はコースで有無が違った)
30,,MCV,VALUE,069007,,,,,,,1,【Optional】コースに枠が無い人はエラーにせず取込対象外にする (2026/10/09 石屋: eGFR/MCV/MCH/MCHCは全員枠なし、HbA1c/血小板/便潜血はコースで有無が違った)
31,,MCH,VALUE,069008,,,,,,,1,【Optional】コースに枠が無い人はエラーにせず取込対象外にする (2026/10/09 石屋: eGFR/MCV/MCH/MCHCは全員枠なし、HbA1c/血小板/便潜血はコースで有無が違った)
32,,MCHC,VALUE,069009,,,,,,,1,【Optional】コースに枠が無い人はエラーにせず取込対象外にする (2026/10/09 石屋: eGFR/MCV/MCH/MCHCは全員枠なし、HbA1c/血小板/便潜血はコースで有無が違った)
33,,MCIスクリーニング,IGNORE,,,,,,,,,
34,,栄養,IGNORE,,,,,,,,,MCI関連。取り込まない
35,,リスクレベル栄養,IGNORE,,,,,,,,,
36,,脂質代謝,IGNORE,,,,,,,,,
37,,リスクレベル脂質代謝,IGNORE,,,,,,,,,
38,,炎症・免疫,IGNORE,,,,,,,,,
39,,リスクレベル炎症免疫,IGNORE,,,,,,,,,
40,,凝固線溶,IGNORE,,,,,,,,,
41,,リスクレベル凝固線溶,IGNORE,,,,,,,,,
42,,リスク値,IGNORE,,,,,,,,,
43,,MCI判定,IGNORE,,,,,,,,,
44,,便潜血1回目,MONSHIN,069245,,,BENSEN,,,,1,陰性→(-)に変換して選択肢と照合 【Optional】コースに枠が無い人はエラーにせず取込対象外にする (2026/10/09 石屋: eGFR/MCV/MCH/MCHCは全員枠なし、HbA1c/血小板/便潜血はコースで有無が違った)
45,,便潜血2回目,MONSHIN,069246,,,BENSEN,,,,1,同上 【Optional】コースに枠が無い人はエラーにせず取込対象外にする (2026/10/09 石屋: eGFR/MCV/MCH/MCHCは全員枠なし、HbA1c/血小板/便潜血はコースで有無が違った)
46,,総ビリルビン,VALUE,,,,,,,,,53列版で増えた列。★項目コード未確定。値が来ると「項目CD未設定」と出る(エラーではない)。db_toolで調べてから記入
47,,HBs抗原(定量),VALUE,,,,,,,,,★項目コード未確定。db_toolで調べてから記入する
48,,HBs抗原(定量2),IGNORE,,,,,,,,,同じ値の別表記のため取り込まない
49,,HBs抗原判定,IGNORE,,,,,,,,,★コード確定後に取り込むか決める
50,,HBs抗体,VALUE,,,,,,,,,★項目コード未確定
51,,HBs抗体判定,IGNORE,,,,,,,,,
52,,HCV抗体,VALUE,,,,,,,,,★項目コード未確定
53,,HCV判定,IGNORE,,,,,,,,,
