Sheet,Cell,Placeholder,Ryaku,Kind,Label
Sheet1,E3,**送付先郵便番号,,送付先郵便番号,
Sheet1,E5,**送付先住所12,,送付先住所12,
Sheet1,E7,**送付先住所3,,送付先住所3,
Sheet1,E9,**事_名称,,事_名称,
Sheet1,AA9,**医_法人名,,医_法人名,
Sheet1,F11,**ｶﾅ氏名,,ｶﾅ氏名,
Sheet1,AA11,**医_医療機関,,医_医療機関,
Sheet1,F13,**漢字氏名,,漢字氏名,
Sheet1,AA13,**医_郵便番号,,医_郵便番号,様
Sheet1,AA15,**医_住所1,,医_住所1,
Sheet1,E16,**事_ｺｰﾄﾞ,,事_ｺｰﾄﾞ,
Sheet1,L16,**保険証番号,,保険証番号,
Sheet1,AA17,**医_住所2,,医_住所2,
Sheet1,AA19,**医_TEL,,医_TEL,
Sheet1,AF19,**医_FAX,,医_FAX,
Sheet2,DJ2,**印刷日#西暦[yyyy/mm/dd],,印刷日#西暦[yyyy/mm/dd],
Sheet2,G4,**ｶﾙﾃ0抜き,,ｶﾙﾃ0抜き,カルテ№
Sheet2,Y4,**受診日#西暦[yyyy/mm/dd]_1,,受診日#西暦[yyyy/mm/dd]_1,今回
Sheet2,AM4,**受診日#西暦[yyyy/mm/dd]_2,,受診日#西暦[yyyy/mm/dd]_2,前回
Sheet2,BA4,**受診日#西暦[yyyy/mm/dd]_3,,受診日#西暦[yyyy/mm/dd]_3,前々回
Sheet2,G5,**ｶﾅ氏名,,ｶﾅ氏名,氏名
Sheet2,AL5,**ｺｰｽ略称,,ｺｰｽ略称,健診コース
Sheet2,BQ5,**[判定_糖代謝]判定_1,判定_糖代謝,判定_1,糖尿病
Sheet2,CA5,**[尿糖]基単,尿糖,基単,尿糖
Sheet2,CH5,**[尿糖]HL_1,尿糖,HL_1,尿糖
Sheet2,CI5,**[尿糖]結果値_1,尿糖,結果値_1,尿糖
Sheet2,CL5,**[尿糖]HL_2,尿糖,HL_2,尿糖
Sheet2,CM5,**[尿糖]結果値_2,尿糖,結果値_2,尿糖
Sheet2,CP5,**[尿糖]HL_3,尿糖,HL_3,尿糖
Sheet2,CQ5,**[尿糖]結果値_3,尿糖,結果値_3,尿糖
Sheet2,CV5,**[判定_肝機能]判定_1,判定_肝機能,判定_1,肝機能検査
Sheet2,DF5,**[尿ｳﾛﾋﾞﾘ]基単,尿ｳﾛﾋﾞﾘ,基単,ウロビリノーゲン
Sheet2,DM5,**[尿ｳﾛﾋﾞﾘ]HL_1,尿ｳﾛﾋﾞﾘ,HL_1,ウロビリノーゲン
Sheet2,DN5,**[尿ｳﾛﾋﾞﾘ]結果値_1,尿ｳﾛﾋﾞﾘ,結果値_1,ウロビリノーゲン
Sheet2,DQ5,**[尿ｳﾛﾋﾞﾘ]HL_2,尿ｳﾛﾋﾞﾘ,HL_2,ウロビリノーゲン
Sheet2,DR5,**[尿ｳﾛﾋﾞﾘ]結果値_2,尿ｳﾛﾋﾞﾘ,結果値_2,ウロビリノーゲン
Sheet2,DU5,**[尿ｳﾛﾋﾞﾘ]HL_3,尿ｳﾛﾋﾞﾘ,HL_3,ウロビリノーゲン
Sheet2,DV5,**[尿ｳﾛﾋﾞﾘ]結果値_3,尿ｳﾛﾋﾞﾘ,結果値_3,ウロビリノーゲン
Sheet2,G6,**漢字氏名,,漢字氏名,
Sheet2,AL6,**検体受付番号_1,,検体受付番号_1,受診番号
Sheet2,CA6,**[空腹時血糖]基単,空腹時血糖,基単,血糖
Sheet2,CH6,**[血糖]HL_1,血糖,HL_1,血糖
Sheet2,CI6,**[血糖]結果値_1,血糖,結果値_1,血糖
Sheet2,CL6,**[血糖]HL_2,血糖,HL_2,血糖
Sheet2,CM6,**[血糖]結果値_2,血糖,結果値_2,血糖
Sheet2,CP6,**[血糖]HL_3,血糖,HL_3,血糖
Sheet2,CQ6,**[血糖]結果値_3,血糖,結果値_3,血糖
Sheet2,DF6,**[総蛋白]基単,総蛋白,基単,総蛋白
Sheet2,DM6,**[総蛋白]HL_1,総蛋白,HL_1,総蛋白
Sheet2,DN6,**[総蛋白]結果値_1,総蛋白,結果値_1,総蛋白
Sheet2,DQ6,**[総蛋白]HL_2,総蛋白,HL_2,総蛋白
Sheet2,DR6,**[総蛋白]結果値_2,総蛋白,結果値_2,総蛋白
Sheet2,DU6,**[総蛋白]HL_3,総蛋白,HL_3,総蛋白
Sheet2,DV6,**[総蛋白]結果値_3,総蛋白,結果値_3,総蛋白
Sheet2,AL7,**ｵﾌﾟｼｮﾝ追加項目,,ｵﾌﾟｼｮﾝ追加項目,追加項目
Sheet2,CA7,**[随時血糖]基単,随時血糖,基単,（随時・食直後）
Sheet2,CH7,**[随時随時血糖]HL_1,随時随時血糖,HL_1,（随時・食直後）
Sheet2,CI7,**[随時血糖]結果値_1,随時血糖,結果値_1,（随時・食直後）
Sheet2,CL7,**[随時血糖]HL_2,随時血糖,HL_2,（随時・食直後）
Sheet2,CM7,**[随時血糖]結果値_2,随時血糖,結果値_2,（随時・食直後）
Sheet2,CP7,**[随時血糖]HL_3,随時血糖,HL_3,（随時・食直後）
Sheet2,CQ7,**[随時血糖]結果値_3,随時血糖,結果値_3,（随時・食直後）
Sheet2,DF7,**[ALP]基単,ALP,基単,ＡＬ－Ｐ
Sheet2,DM7,**[ALP]HL_1,ALP,HL_1,ＡＬ－Ｐ
Sheet2,DN7,**[ALP]結果値_1,ALP,結果値_1,ＡＬ－Ｐ
Sheet2,DQ7,**[ALP]HL_2,ALP,HL_2,ＡＬ－Ｐ
Sheet2,DR7,**[ALP]結果値_2,ALP,結果値_2,ＡＬ－Ｐ
Sheet2,DU7,**[ALP]HL_3,ALP,HL_3,ＡＬ－Ｐ
Sheet2,DV7,**[ALP]結果値_3,ALP,結果値_3,ＡＬ－Ｐ
Sheet2,G8,**生年月日#和暦[gee年mm月dd日],,生年月日#和暦[gee年mm月dd日],生年月日
Sheet2,R8,**満年齢,,満年齢,生年月日
Sheet2,AA8,**性別_性,,性別_性,性別
Sheet2,CA8,**[HbA1cNGSP]基単,HbA1cNGSP,基単,ﾍﾓｸﾞﾛﾋﾞﾝA1c(NGSP)
Sheet2,CH8,**[HbA1cNGSP]HL_1,HbA1cNGSP,HL_1,ﾍﾓｸﾞﾛﾋﾞﾝA1c(NGSP)
Sheet2,CI8,**[HbA1cNGSP]結果値_1,HbA1cNGSP,結果値_1,ﾍﾓｸﾞﾛﾋﾞﾝA1c(NGSP)
Sheet2,CL8,**[HbA1cNGSP]HL_2,HbA1cNGSP,HL_2,ﾍﾓｸﾞﾛﾋﾞﾝA1c(NGSP)
Sheet2,CM8,**[HbA1cNGSP]結果値_2,HbA1cNGSP,結果値_2,ﾍﾓｸﾞﾛﾋﾞﾝA1c(NGSP)
Sheet2,CP8,**[HbA1cNGSP]HL_3,HbA1cNGSP,HL_3,ﾍﾓｸﾞﾛﾋﾞﾝA1c(NGSP)
Sheet2,CQ8,**[HbA1cNGSP]結果値_3,HbA1cNGSP,結果値_3,ﾍﾓｸﾞﾛﾋﾞﾝA1c(NGSP)
Sheet2,DF8,**[GOT]基単,GOT,基単,ＡＳＴ(ＧＯＴ)
Sheet2,DM8,**[GOT]HL_1,GOT,HL_1,ＡＳＴ(ＧＯＴ)
Sheet2,DN8,**[GOT]結果値_1,GOT,結果値_1,ＡＳＴ(ＧＯＴ)
Sheet2,DQ8,**[GOT]HL_2,GOT,HL_2,ＡＳＴ(ＧＯＴ)
Sheet2,DR8,**[GOT]結果値_2,GOT,結果値_2,ＡＳＴ(ＧＯＴ)
Sheet2,DU8,**[GOT]HL_3,GOT,HL_3,ＡＳＴ(ＧＯＴ)
Sheet2,DV8,**[GOT]結果値_3,GOT,結果値_3,ＡＳＴ(ＧＯＴ)
Sheet2,G9,**送付先郵便番号,,送付先郵便番号,住所
Sheet2,M9,**送付先住所123,,送付先住所123,住所
Sheet2,AL9,**事_ｺｰﾄﾞ,,事_ｺｰﾄﾞ,事業所コード
Sheet2,BQ9,**[判定_腎機能]判定_1,判定_腎機能,判定_1,腎機能
Sheet2,CA9,**[尿比重]基単,尿比重,基単,尿比重
Sheet2,CH9,**[尿比重]HL_1,尿比重,HL_1,尿比重
Sheet2,CI9,**[尿比重]結果値_1,尿比重,結果値_1,尿比重
Sheet2,CL9,**[尿比重]HL_2,尿比重,HL_2,尿比重
Sheet2,CM9,**[尿比重]結果値_2,尿比重,結果値_2,尿比重
Sheet2,CP9,**[尿比重]HL_3,尿比重,HL_3,尿比重
Sheet2,CQ9,**[尿比重]結果値_3,尿比重,結果値_3,尿比重
Sheet2,DF9,**[GPT]基単,GPT,基単,ＡＬＴ(ＧＰＴ)
Sheet2,DM9,**[GPT]HL_1,GPT,HL_1,ＡＬＴ(ＧＰＴ)
Sheet2,DN9,**[GPT]結果値_1,GPT,結果値_1,ＡＬＴ(ＧＰＴ)
Sheet2,DQ9,**[GPT]HL_2,GPT,HL_2,ＡＬＴ(ＧＰＴ)
Sheet2,DR9,**[GPT]結果値_2,GPT,結果値_2,ＡＬＴ(ＧＰＴ)
Sheet2,DU9,**[GPT]HL_3,GPT,HL_3,ＡＬＴ(ＧＰＴ)
Sheet2,DV9,**[GPT]結果値_3,GPT,結果値_3,ＡＬＴ(ＧＰＴ)
Sheet2,AL10,**事_名称,,事_名称,団体名
Sheet2,CA10,**[尿蛋白]基単,尿蛋白,基単,尿蛋白
Sheet2,CH10,**[尿蛋白]HL_1,尿蛋白,HL_1,尿蛋白
Sheet2,CI10,**[尿蛋白]結果値_1,尿蛋白,結果値_1,尿蛋白
Sheet2,CL10,**[尿蛋白]HL_2,尿蛋白,HL_2,尿蛋白
Sheet2,CM10,**[尿蛋白]結果値_2,尿蛋白,結果値_2,尿蛋白
Sheet2,CP10,**[尿蛋白]HL_3,尿蛋白,HL_3,尿蛋白
Sheet2,CQ10,**[尿蛋白]結果値_3,尿蛋白,結果値_3,尿蛋白
Sheet2,DF10,**[LAP]基単,LAP,基単,ＬＡＰ
Sheet2,DM10,**[LAP]HL_1,LAP,HL_1,ＬＡＰ
Sheet2,DN10,**[LAP]結果値_1,LAP,結果値_1,ＬＡＰ
Sheet2,DQ10,**[LAP]HL_2,LAP,HL_2,ＬＡＰ
Sheet2,DR10,**[LAP]結果値_2,LAP,結果値_2,ＬＡＰ
Sheet2,DU10,**[LAP]HL_3,LAP,HL_3,ＬＡＰ
Sheet2,DV10,**[LAP]結果値_3,LAP,結果値_3,ＬＡＰ
Sheet2,G11,**TEL,,TEL,連絡先
Sheet2,T11,**その他連絡先,,その他連絡先,/
Sheet2,AL11,**保険証番号,,保険証番号,保険証番号
Sheet2,CA11,**[尿潜血]基単,尿潜血,基単,尿潜血
Sheet2,CH11,**[尿潜血]HL_1,尿潜血,HL_1,尿潜血
Sheet2,CI11,**[尿潜血]結果値_1,尿潜血,結果値_1,尿潜血
Sheet2,CL11,**[尿潜血]HL_2,尿潜血,HL_2,尿潜血
Sheet2,CM11,**[尿潜血]結果値_2,尿潜血,結果値_2,尿潜血
Sheet2,CP11,**[尿潜血]HL_3,尿潜血,HL_3,尿潜血
Sheet2,CQ11,**[尿潜血]結果値_3,尿潜血,結果値_3,尿潜血
Sheet2,DF11,**[TTT]基単,TTT,基単,ＴＴＴ
Sheet2,DM11,**[TTT]HL_1,TTT,HL_1,ＴＴＴ
Sheet2,DN11,**[TTT]結果値_1,TTT,結果値_1,ＴＴＴ
Sheet2,DQ11,**[TTT]HL_2,TTT,HL_2,ＴＴＴ
Sheet2,DR11,**[TTT]結果値_2,TTT,結果値_2,ＴＴＴ
Sheet2,DU11,**[TTT]HL_3,TTT,HL_3,ＴＴＴ
Sheet2,DV11,**[TTT]結果値_3,TTT,結果値_3,ＴＴＴ
Sheet2,CA12,**[尿素窒素]基単,尿素窒素,基単,血清尿素窒素
Sheet2,CH12,**[尿素窒素]HL_1,尿素窒素,HL_1,血清尿素窒素
Sheet2,CI12,**[尿素窒素]結果値_1,尿素窒素,結果値_1,血清尿素窒素
Sheet2,CL12,**[尿素窒素]HL_2,尿素窒素,HL_2,血清尿素窒素
Sheet2,CM12,**[尿素窒素]結果値_2,尿素窒素,結果値_2,血清尿素窒素
Sheet2,CP12,**[尿素窒素]HL_3,尿素窒素,HL_3,血清尿素窒素
Sheet2,CQ12,**[尿素窒素]結果値_3,尿素窒素,結果値_3,血清尿素窒素
Sheet2,DF12,**[γ-GTP]基単,γ-GTP,基単,γ－ＧＴ(γ－ＧＴＰ)
Sheet2,DM12,**[γ-GTP]HL_1,γ-GTP,HL_1,γ－ＧＴ(γ－ＧＴＰ)
Sheet2,DN12,**[γ-GTP]結果値_1,γ-GTP,結果値_1,γ－ＧＴ(γ－ＧＴＰ)
Sheet2,DQ12,**[γ-GTP]HL_2,γ-GTP,HL_2,γ－ＧＴ(γ－ＧＴＰ)
Sheet2,DR12,**[γ-GTP]結果値_2,γ-GTP,結果値_2,γ－ＧＴ(γ－ＧＴＰ)
Sheet2,DU12,**[γ-GTP]HL_3,γ-GTP,HL_3,γ－ＧＴ(γ－ＧＴＰ)
Sheet2,DV12,**[γ-GTP]結果値_3,γ-GTP,結果値_3,γ－ＧＴ(γ－ＧＴＰ)
Sheet2,CA13,**[ｸﾚｱﾁﾆﾝ]基単,ｸﾚｱﾁﾆﾝ,基単,血清クレアチニン
Sheet2,CH13,**[ｸﾚｱﾁﾆﾝ]HL_1,ｸﾚｱﾁﾆﾝ,HL_1,血清クレアチニン
Sheet2,CI13,**[ｸﾚｱﾁﾆﾝ]結果値_1,ｸﾚｱﾁﾆﾝ,結果値_1,血清クレアチニン
Sheet2,CL13,**[ｸﾚｱﾁﾆﾝ]HL_2,ｸﾚｱﾁﾆﾝ,HL_2,血清クレアチニン
Sheet2,CM13,**[ｸﾚｱﾁﾆﾝ]結果値_2,ｸﾚｱﾁﾆﾝ,結果値_2,血清クレアチニン
Sheet2,CP13,**[ｸﾚｱﾁﾆﾝ]HL_3,ｸﾚｱﾁﾆﾝ,HL_3,血清クレアチニン
Sheet2,CQ13,**[ｸﾚｱﾁﾆﾝ]結果値_3,ｸﾚｱﾁﾆﾝ,結果値_3,血清クレアチニン
Sheet2,DF13,**[LDH]基単,LDH,基単,ＬＤ(ＬＤＨ)
Sheet2,DM13,**[LDH]HL_1,LDH,HL_1,ＬＤ(ＬＤＨ)
Sheet2,DN13,**[LDH]結果値_1,LDH,結果値_1,ＬＤ(ＬＤＨ)
Sheet2,DQ13,**[LDH]HL_2,LDH,HL_2,ＬＤ(ＬＤＨ)
Sheet2,DR13,**[LDH]結果値_2,LDH,結果値_2,ＬＤ(ＬＤＨ)
Sheet2,DU13,**[LDH]HL_3,LDH,HL_3,ＬＤ(ＬＤＨ)
Sheet2,DV13,**[LDH]結果値_3,LDH,結果値_3,ＬＤ(ＬＤＨ)
Sheet2,A14,**[総合判定(編集)]判定_1,総合判定(編集),判定_1,
Sheet2,G14,**[総合判定(編集)]結果値_1,総合判定(編集),結果値_1,
Sheet2,CA14,**[eGFR]基単,eGFR,基単,ｅＧＦＲ
Sheet2,CH14,**[eGFR]HL_1,eGFR,HL_1,ｅＧＦＲ
Sheet2,CI14,**[eGFR]結果値_1,eGFR,結果値_1,ｅＧＦＲ
Sheet2,CL14,**[eGFR]HL_2,eGFR,HL_2,ｅＧＦＲ
Sheet2,CM14,**[eGFR]結果値_2,eGFR,結果値_2,ｅＧＦＲ
Sheet2,CP14,**[eGFR]HL_3,eGFR,HL_3,ｅＧＦＲ
Sheet2,CQ14,**[eGFR]結果値_3,eGFR,結果値_3,ｅＧＦＲ
Sheet2,DF14,**[総ﾋﾞﾘﾙﾋﾞﾝ]基単,総ﾋﾞﾘﾙﾋﾞﾝ,基単,総ビリルビン
Sheet2,DM14,**[総ﾋﾞﾘﾙﾋﾞﾝ]HL_1,総ﾋﾞﾘﾙﾋﾞﾝ,HL_1,総ビリルビン
Sheet2,DN14,**[総ﾋﾞﾘﾙﾋﾞﾝ]結果値_1,総ﾋﾞﾘﾙﾋﾞﾝ,結果値_1,総ビリルビン
Sheet2,DQ14,**[総ﾋﾞﾘﾙﾋﾞﾝ]HL_2,総ﾋﾞﾘﾙﾋﾞﾝ,HL_2,総ビリルビン
Sheet2,DR14,**[総ﾋﾞﾘﾙﾋﾞﾝ]結果値_2,総ﾋﾞﾘﾙﾋﾞﾝ,結果値_2,総ビリルビン
Sheet2,DU14,**[総ﾋﾞﾘﾙﾋﾞﾝ]HL_3,総ﾋﾞﾘﾙﾋﾞﾝ,HL_3,総ビリルビン
Sheet2,DV14,**[総ﾋﾞﾘﾙﾋﾞﾝ]結果値_3,総ﾋﾞﾘﾙﾋﾞﾝ,結果値_3,総ビリルビン
Sheet2,BQ15,**[判定_尿沈渣]判定_1,判定_尿沈渣,判定_1,尿沈渣
Sheet2,CA15,**[尿沈渣赤血球]基単,尿沈渣赤血球,基単,赤血球
Sheet2,CH15,**[尿沈渣赤血球]HL_1,尿沈渣赤血球,HL_1,赤血球
Sheet2,CI15,**[尿沈渣赤血球]結果値_1,尿沈渣赤血球,結果値_1,赤血球
Sheet2,CL15,**[尿沈渣赤血球]HL_2,尿沈渣赤血球,HL_2,赤血球
Sheet2,CM15,**[尿沈渣赤血球]結果値_2,尿沈渣赤血球,結果値_2,赤血球
Sheet2,CP15,**[尿沈渣赤血球]HL_3,尿沈渣赤血球,HL_3,赤血球
Sheet2,CQ15,**[尿沈渣赤血球]結果値_3,尿沈渣赤血球,結果値_3,赤血球
Sheet2,DF15,**[直接ﾋﾞﾘﾙﾋﾞﾝ]基単,直接ﾋﾞﾘﾙﾋﾞﾝ,基単,直ビリルビン
Sheet2,DM15,**[直接ﾋﾞﾘﾙﾋﾞﾝ]HL_1,直接ﾋﾞﾘﾙﾋﾞﾝ,HL_1,直ビリルビン
Sheet2,DN15,**[直接ﾋﾞﾘﾙﾋﾞﾝ]結果値_1,直接ﾋﾞﾘﾙﾋﾞﾝ,結果値_1,直ビリルビン
Sheet2,DQ15,**[直接ﾋﾞﾘﾙﾋﾞﾝ]HL_2,直接ﾋﾞﾘﾙﾋﾞﾝ,HL_2,直ビリルビン
Sheet2,DR15,**[直接ﾋﾞﾘﾙﾋﾞﾝ]結果値_2,直接ﾋﾞﾘﾙﾋﾞﾝ,結果値_2,直ビリルビン
Sheet2,DU15,**[直接ﾋﾞﾘﾙﾋﾞﾝ]HL_3,直接ﾋﾞﾘﾙﾋﾞﾝ,HL_3,直ビリルビン
Sheet2,DV15,**[直接ﾋﾞﾘﾙﾋﾞﾝ]結果値_3,直接ﾋﾞﾘﾙﾋﾞﾝ,結果値_3,直ビリルビン
Sheet2,B16,**[くくり有所見1]項目名称所見_1,くくり有所見1,項目名称所見_1,
Sheet2,CA16,**[尿沈渣白血球]基単,尿沈渣白血球,基単,白血球
Sheet2,CH16,**[尿沈渣白血球]HL_1,尿沈渣白血球,HL_1,白血球
Sheet2,CI16,**[尿沈渣白血球]結果値_1,尿沈渣白血球,結果値_1,白血球
Sheet2,CL16,**[尿沈渣白血球]HL_2,尿沈渣白血球,HL_2,白血球
Sheet2,CM16,**[尿沈渣白血球]結果値_2,尿沈渣白血球,結果値_2,白血球
Sheet2,CP16,**[尿沈渣白血球]HL_3,尿沈渣白血球,HL_3,白血球
Sheet2,CQ16,**[尿沈渣白血球]結果値_3,尿沈渣白血球,結果値_3,白血球
Sheet2,DF16,**[AG比]基単,AG比,基単,Ａ ／ Ｇ比
Sheet2,DM16,**[AG比]HL_1,AG比,HL_1,Ａ ／ Ｇ比
Sheet2,DN16,**[AG比]結果値_1,AG比,結果値_1,Ａ ／ Ｇ比
Sheet2,DQ16,**[AG比]HL_2,AG比,HL_2,Ａ ／ Ｇ比
Sheet2,DR16,**[AG比]結果値_2,AG比,結果値_2,Ａ ／ Ｇ比
Sheet2,DU16,**[AG比]HL_3,AG比,HL_3,Ａ ／ Ｇ比
Sheet2,DV16,**[AG比]結果値_3,AG比,結果値_3,Ａ ／ Ｇ比
Sheet2,B17,**[くくり有所見2]項目名称所見_1,くくり有所見2,項目名称所見_1,
Sheet2,CA17,**[尿沈渣扁平上皮]基単,尿沈渣扁平上皮,基単,扁平上皮
Sheet2,CH17,**[尿沈渣扁平上皮]HL_1,尿沈渣扁平上皮,HL_1,扁平上皮
Sheet2,CI17,**[尿沈渣扁平上皮]結果値_1,尿沈渣扁平上皮,結果値_1,扁平上皮
Sheet2,CL17,**[尿沈渣扁平上皮]HL_2,尿沈渣扁平上皮,HL_2,扁平上皮
Sheet2,CM17,**[尿沈渣扁平上皮]結果値_2,尿沈渣扁平上皮,結果値_2,扁平上皮
Sheet2,CP17,**[尿沈渣扁平上皮]HL_3,尿沈渣扁平上皮,HL_3,扁平上皮
Sheet2,CQ17,**[尿沈渣扁平上皮]結果値_3,尿沈渣扁平上皮,結果値_3,扁平上皮
Sheet2,DF17,**[ｺﾘﾝｴｽﾃﾗｰｾﾞ]基単,ｺﾘﾝｴｽﾃﾗｰｾﾞ,基単,コリンエステラーゼ
Sheet2,DM17,**[ｺﾘﾝｴｽﾃﾗｰｾﾞ]HL_1,ｺﾘﾝｴｽﾃﾗｰｾﾞ,HL_1,コリンエステラーゼ
Sheet2,DN17,**[ｺﾘﾝｴｽﾃﾗｰｾﾞ]結果値_1,ｺﾘﾝｴｽﾃﾗｰｾﾞ,結果値_1,コリンエステラーゼ
Sheet2,DQ17,**[ｺﾘﾝｴｽﾃﾗｰｾﾞ]HL_2,ｺﾘﾝｴｽﾃﾗｰｾﾞ,HL_2,コリンエステラーゼ
Sheet2,DR17,**[ｺﾘﾝｴｽﾃﾗｰｾﾞ]結果値_2,ｺﾘﾝｴｽﾃﾗｰｾﾞ,結果値_2,コリンエステラーゼ
Sheet2,DU17,**[ｺﾘﾝｴｽﾃﾗｰｾﾞ]HL_3,ｺﾘﾝｴｽﾃﾗｰｾﾞ,HL_3,コリンエステラーゼ
Sheet2,DV17,**[ｺﾘﾝｴｽﾃﾗｰｾﾞ]結果値_3,ｺﾘﾝｴｽﾃﾗｰｾﾞ,結果値_3,コリンエステラーゼ
Sheet2,B18,**[くくり有所見3]項目名称所見_1,くくり有所見3,項目名称所見_1,
Sheet2,BQ18,**[判定_便潜血]判定_1,判定_便潜血,判定_1,便
Sheet2,CA18,**[便潜血1]基単,便潜血1,基単,便潜血1回目
Sheet2,CH18,**[便潜血1]HL_1,便潜血1,HL_1,便潜血1回目
Sheet2,CI18,**[便潜血1]結果値_1,便潜血1,結果値_1,便潜血1回目
Sheet2,CL18,**[便潜血1]HL_2,便潜血1,HL_2,便潜血1回目
Sheet2,CM18,**[便潜血1]結果値_2,便潜血1,結果値_2,便潜血1回目
Sheet2,CP18,**[便潜血1]HL_3,便潜血1,HL_3,便潜血1回目
Sheet2,CQ18,**[便潜血1]結果値_3,便潜血1,結果値_3,便潜血1回目
Sheet2,DF18,**[ｱﾙﾌﾞﾐﾝ]基単,ｱﾙﾌﾞﾐﾝ,基単,血清アルブミン
Sheet2,DM18,**[ｱﾙﾌﾞﾐﾝ]HL_1,ｱﾙﾌﾞﾐﾝ,HL_1,血清アルブミン
Sheet2,DN18,**[ｱﾙﾌﾞﾐﾝ]結果値_1,ｱﾙﾌﾞﾐﾝ,結果値_1,血清アルブミン
Sheet2,DQ18,**[ｱﾙﾌﾞﾐﾝ]HL_2,ｱﾙﾌﾞﾐﾝ,HL_2,血清アルブミン
Sheet2,DR18,**[ｱﾙﾌﾞﾐﾝ]結果値_2,ｱﾙﾌﾞﾐﾝ,結果値_2,血清アルブミン
Sheet2,DU18,**[ｱﾙﾌﾞﾐﾝ]HL_3,ｱﾙﾌﾞﾐﾝ,HL_3,血清アルブミン
Sheet2,DV18,**[ｱﾙﾌﾞﾐﾝ]結果値_3,ｱﾙﾌﾞﾐﾝ,結果値_3,血清アルブミン
Sheet2,B19,**[くくり有所見4]項目名称所見_1,くくり有所見4,項目名称所見_1,
Sheet2,CA19,**[便潜血2]基単,便潜血2,基単,便潜血2回目
Sheet2,CH19,**[便潜血2]HL_1,便潜血2,HL_1,便潜血2回目
Sheet2,CI19,**[便潜血2]結果値_1,便潜血2,結果値_1,便潜血2回目
Sheet2,CL19,**[便潜血2]HL_2,便潜血2,HL_2,便潜血2回目
Sheet2,CM19,**[便潜血2]結果値_2,便潜血2,結果値_2,便潜血2回目
Sheet2,CP19,**[便潜血2]HL_3,便潜血2,HL_3,便潜血2回目
Sheet2,CQ19,**[便潜血2]結果値_3,便潜血2,結果値_3,便潜血2回目
Sheet2,CV19,**[判定_肝炎]判定_1,判定_肝炎,判定_1,便潜血2回目
Sheet2,DF19,**[HBs抗原]基単,HBs抗原,基単,B型肝炎検査(HBSAg)
Sheet2,DM19,**[HBs抗原]HL_1,HBs抗原,HL_1,B型肝炎検査(HBSAg)
Sheet2,DN19,**[HBs抗原]結果値_1,HBs抗原,結果値_1,B型肝炎検査(HBSAg)
Sheet2,DQ19,**[HBs抗原]HL_2,HBs抗原,HL_2,B型肝炎検査(HBSAg)
Sheet2,DR19,**[HBs抗原]結果値_2,HBs抗原,結果値_2,B型肝炎検査(HBSAg)
Sheet2,DU19,**[HBs抗原]HL_3,HBs抗原,HL_3,B型肝炎検査(HBSAg)
Sheet2,DV19,**[HBs抗原]結果値_3,HBs抗原,結果値_3,B型肝炎検査(HBSAg)
Sheet2,B20,**[くくり有所見5]項目名称所見_1,くくり有所見5,項目名称所見_1,
Sheet2,BQ20,**[判定_血液一般]判定_1,判定_血液一般,判定_1,血　液　一　般
Sheet2,CA20,**[白血球数]基単,白血球数,基単,白血球数
Sheet2,CH20,**[白血球数]HL_1,白血球数,HL_1,白血球数
Sheet2,CI20,**[白血球数]結果値_1,白血球数,結果値_1,白血球数
Sheet2,CL20,**[白血球数]HL_2,白血球数,HL_2,白血球数
Sheet2,CM20,**[白血球数]結果値_2,白血球数,結果値_2,白血球数
Sheet2,CP20,**[白血球数]HL_3,白血球数,HL_3,白血球数
Sheet2,CQ20,**[白血球数]結果値_3,白血球数,結果値_3,白血球数
Sheet2,DF20,**[HBs抗体]基単,HBs抗体,基単,B型肝炎検査(HBSAb)
Sheet2,DM20,**[HBs抗体]HL_1,HBs抗体,HL_1,B型肝炎検査(HBSAb)
Sheet2,DN20,**[HBs抗体]結果値_1,HBs抗体,結果値_1,B型肝炎検査(HBSAb)
Sheet2,DQ20,**[HBs抗体]HL_2,HBs抗体,HL_2,B型肝炎検査(HBSAb)
Sheet2,DR20,**[HBs抗体]結果値_2,HBs抗体,結果値_2,B型肝炎検査(HBSAb)
Sheet2,DU20,**[HBs抗体]HL_3,HBs抗体,HL_3,B型肝炎検査(HBSAb)
Sheet2,DV20,**[HBs抗体]結果値_3,HBs抗体,結果値_3,B型肝炎検査(HBSAb)
Sheet2,B21,**[くくり有所見6]項目名称所見_1,くくり有所見6,項目名称所見_1,
Sheet2,CA21,**[赤血球数]基単,赤血球数,基単,赤血球数
Sheet2,CH21,**[赤血球数]HL_1,赤血球数,HL_1,赤血球数
Sheet2,CI21,**[赤血球数]結果値_1,赤血球数,結果値_1,赤血球数
Sheet2,CL21,**[赤血球数]HL_2,赤血球数,HL_2,赤血球数
Sheet2,CM21,**[赤血球数]結果値_2,赤血球数,結果値_2,赤血球数
Sheet2,CP21,**[赤血球数]HL_3,赤血球数,HL_3,赤血球数
Sheet2,CQ21,**[赤血球数]結果値_3,赤血球数,結果値_3,赤血球数
Sheet2,CV21,**[HCV抗体]判定_1,HCV抗体,判定_1,赤血球数
Sheet2,DF21,**[HCV抗体]基単,HCV抗体,基単,C型肝炎検査(HCVAb)
Sheet2,DM21,**[HCV抗体]HL_1,HCV抗体,HL_1,C型肝炎検査(HCVAb)
Sheet2,DN21,**[HCV抗体]結果値_1,HCV抗体,結果値_1,C型肝炎検査(HCVAb)
Sheet2,DQ21,**[HCV抗体]HL_2,HCV抗体,HL_2,C型肝炎検査(HCVAb)
Sheet2,DR21,**[HCV抗体]結果値_2,HCV抗体,結果値_2,C型肝炎検査(HCVAb)
Sheet2,DU21,**[HCV抗体]HL_3,HCV抗体,HL_3,C型肝炎検査(HCVAb)
Sheet2,DV21,**[HCV抗体]結果値_3,HCV抗体,結果値_3,C型肝炎検査(HCVAb)
Sheet2,B22,**[くくり有所見7]項目名称所見_1,くくり有所見7,項目名称所見_1,
Sheet2,CA22,**[血色素量]基単,血色素量,基単,ヘモグロビン
Sheet2,CH22,**[血色素量]HL_1,血色素量,HL_1,ヘモグロビン
Sheet2,CI22,**[血色素量]結果値_1,血色素量,結果値_1,ヘモグロビン
Sheet2,CL22,**[血色素量]HL_2,血色素量,HL_2,ヘモグロビン
Sheet2,CM22,**[血色素量]結果値_2,血色素量,結果値_2,ヘモグロビン
Sheet2,CP22,**[血色素量]HL_3,血色素量,HL_3,ヘモグロビン
Sheet2,CQ22,**[血色素量]結果値_3,血色素量,結果値_3,ヘモグロビン
Sheet2,CV22,**[ｱﾐﾗｰｾﾞ]判定_1,ｱﾐﾗｰｾﾞ,判定_1,膵
Sheet2,DF22,**[ｱﾐﾗｰｾﾞ]基単,ｱﾐﾗｰｾﾞ,基単,血中アミラーゼ
Sheet2,DM22,**[ｱﾐﾗｰｾﾞ]HL_1,ｱﾐﾗｰｾﾞ,HL_1,血中アミラーゼ
Sheet2,DN22,**[ｱﾐﾗｰｾﾞ]結果値_1,ｱﾐﾗｰｾﾞ,結果値_1,血中アミラーゼ
Sheet2,DQ22,**[ｱﾐﾗｰｾﾞ]HL_2,ｱﾐﾗｰｾﾞ,HL_2,血中アミラーゼ
Sheet2,DR22,**[ｱﾐﾗｰｾﾞ]結果値_2,ｱﾐﾗｰｾﾞ,結果値_2,血中アミラーゼ
Sheet2,DU22,**[ｱﾐﾗｰｾﾞ]HL_3,ｱﾐﾗｰｾﾞ,HL_3,血中アミラーゼ
Sheet2,DV22,**[ｱﾐﾗｰｾﾞ]結果値_3,ｱﾐﾗｰｾﾞ,結果値_3,血中アミラーゼ
Sheet2,B23,**[くくり有所見8]項目名称所見_1,くくり有所見8,項目名称所見_1,
Sheet2,CA23,**[ﾍﾏﾄｸﾘｯﾄ]基単,ﾍﾏﾄｸﾘｯﾄ,基単,ヘマトクリット
Sheet2,CH23,**[ﾍﾏﾄｸﾘｯﾄ]HL_1,ﾍﾏﾄｸﾘｯﾄ,HL_1,ヘマトクリット
Sheet2,CI23,**[ﾍﾏﾄｸﾘｯﾄ]結果値_1,ﾍﾏﾄｸﾘｯﾄ,結果値_1,ヘマトクリット
Sheet2,CL23,**[ﾍﾏﾄｸﾘｯﾄ]HL_2,ﾍﾏﾄｸﾘｯﾄ,HL_2,ヘマトクリット
Sheet2,CM23,**[ﾍﾏﾄｸﾘｯﾄ]結果値_2,ﾍﾏﾄｸﾘｯﾄ,結果値_2,ヘマトクリット
Sheet2,CP23,**[ﾍﾏﾄｸﾘｯﾄ]HL_3,ﾍﾏﾄｸﾘｯﾄ,HL_3,ヘマトクリット
Sheet2,CQ23,**[ﾍﾏﾄｸﾘｯﾄ]結果値_3,ﾍﾏﾄｸﾘｯﾄ,結果値_3,ヘマトクリット
Sheet2,CV23,**[判定_尿酸]判定_1,判定_尿酸,判定_1,尿酸
Sheet2,DF23,**[尿酸]基単,尿酸,基単,血清尿酸
Sheet2,DM23,**[尿酸]HL_1,尿酸,HL_1,血清尿酸
Sheet2,DN23,**[尿酸]結果値_1,尿酸,結果値_1,血清尿酸
Sheet2,DQ23,**[尿酸]HL_2,尿酸,HL_2,血清尿酸
Sheet2,DR23,**[尿酸]結果値_2,尿酸,結果値_2,血清尿酸
Sheet2,DU23,**[尿酸]HL_3,尿酸,HL_3,血清尿酸
Sheet2,DV23,**[尿酸]結果値_3,尿酸,結果値_3,血清尿酸
Sheet2,B24,**[くくり有所見9]項目名称所見_1,くくり有所見9,項目名称所見_1,
Sheet2,CA24,**[MCV]基単,MCV,基単,ＭＣＶ
Sheet2,CH24,**[MCV]HL_1,MCV,HL_1,ＭＣＶ
Sheet2,CI24,**[MCV]結果値_1,MCV,結果値_1,ＭＣＶ
Sheet2,CL24,**[MCV]HL_2,MCV,HL_2,ＭＣＶ
Sheet2,CM24,**[MCV]結果値_2,MCV,結果値_2,ＭＣＶ
Sheet2,CP24,**[MCV]HL_3,MCV,HL_3,ＭＣＶ
Sheet2,CQ24,**[MCV]結果値_3,MCV,結果値_3,ＭＣＶ
Sheet2,CV24,**[判定_甲状腺検査]判定_1,判定_甲状腺検査,判定_1,甲状腺
Sheet2,DF24,**[FT3]基単,FT3,基単,ＦＴ３
Sheet2,DM24,**[FT3]HL_1,FT3,HL_1,ＦＴ３
Sheet2,DN24,**[FT3]結果値_1,FT3,結果値_1,ＦＴ３
Sheet2,DQ24,**[FT3]HL_2,FT3,HL_2,ＦＴ３
Sheet2,DR24,**[FT3]結果値_2,FT3,結果値_2,ＦＴ３
Sheet2,DU24,**[FT3]HL_3,FT3,HL_3,ＦＴ３
Sheet2,DV24,**[FT3]結果値_3,FT3,結果値_3,ＦＴ３
Sheet2,B25,**[くくり有所見10]項目名称所見_1,くくり有所見10,項目名称所見_1,
Sheet2,CA25,**[MCH]基単,MCH,基単,ＭＣＨ
Sheet2,CH25,**[MCH]HL_1,MCH,HL_1,ＭＣＨ
Sheet2,CI25,**[MCH]結果値_1,MCH,結果値_1,ＭＣＨ
Sheet2,CL25,**[MCH]HL_2,MCH,HL_2,ＭＣＨ
Sheet2,CM25,**[MCH]結果値_2,MCH,結果値_2,ＭＣＨ
Sheet2,CP25,**[MCH]HL_3,MCH,HL_3,ＭＣＨ
Sheet2,CQ25,**[MCH]結果値_3,MCH,結果値_3,ＭＣＨ
Sheet2,DF25,**[FT4]基単,FT4,基単,ＦＴ４
Sheet2,DM25,**[FT4]HL_1,FT4,HL_1,ＦＴ４
Sheet2,DN25,**[FT4]結果値_1,FT4,結果値_1,ＦＴ４
Sheet2,DQ25,**[FT4]HL_2,FT4,HL_2,ＦＴ４
Sheet2,DR25,**[FT4]結果値_2,FT4,結果値_2,ＦＴ４
Sheet2,DU25,**[FT4]HL_3,FT4,HL_3,ＦＴ４
Sheet2,DV25,**[FT4]結果値_3,FT4,結果値_3,ＦＴ４
Sheet2,CA26,**[MCHC]基単,MCHC,基単,ＭＣＨＣ
Sheet2,CH26,**[MCHC]HL_1,MCHC,HL_1,ＭＣＨＣ
Sheet2,CI26,**[MCHC]結果値_1,MCHC,結果値_1,ＭＣＨＣ
Sheet2,CL26,**[MCHC]HL_2,MCHC,HL_2,ＭＣＨＣ
Sheet2,CM26,**[MCHC]結果値_2,MCHC,結果値_2,ＭＣＨＣ
Sheet2,CP26,**[MCHC]HL_3,MCHC,HL_3,ＭＣＨＣ
Sheet2,CQ26,**[MCHC]結果値_3,MCHC,結果値_3,ＭＣＨＣ
Sheet2,DF26,**[TSH]基単,TSH,基単,ＴＳＨ
Sheet2,DM26,**[TSH]HL_1,TSH,HL_1,ＴＳＨ
Sheet2,DN26,**[TSH]結果値_1,TSH,結果値_1,ＴＳＨ
Sheet2,DQ26,**[TSH]HL_2,TSH,HL_2,ＴＳＨ
Sheet2,DR26,**[TSH]結果値_2,TSH,結果値_2,ＴＳＨ
Sheet2,DU26,**[TSH]HL_3,TSH,HL_3,ＴＳＨ
Sheet2,DV26,**[TSH]結果値_3,TSH,結果値_3,ＴＳＨ
Sheet2,CA27,**[血小板数]基単,血小板数,基単,血小板数
Sheet2,CH27,**[血小板数]HL_1,血小板数,HL_1,血小板数
Sheet2,CI27,**[血小板数]結果値_1,血小板数,結果値_1,血小板数
Sheet2,CL27,**[血小板数]HL_2,血小板数,HL_2,血小板数
Sheet2,CM27,**[血小板数]結果値_2,血小板数,結果値_2,血小板数
Sheet2,CP27,**[血小板数]HL_3,血小板数,HL_3,血小板数
Sheet2,CQ27,**[血小板数]結果値_3,血小板数,結果値_3,血小板数
Sheet2,CV27,**[判定_ペプシノーゲン]判定_1,判定_ペプシノーゲン,判定_1,その他検査
Sheet2,DF27,**[PG判定]基単,PG判定,基単,ﾍﾟﾌﾟｼﾉｰｹﾞﾝ
Sheet2,DM27,**[PG判定]HL_1,PG判定,HL_1,ﾍﾟﾌﾟｼﾉｰｹﾞﾝ
Sheet2,DN27,**[PG判定]結果値_1,PG判定,結果値_1,ﾍﾟﾌﾟｼﾉｰｹﾞﾝ
Sheet2,DQ27,**[PG判定]HL_2,PG判定,HL_2,ﾍﾟﾌﾟｼﾉｰｹﾞﾝ
Sheet2,DR27,**[PG判定]結果値_2,PG判定,結果値_2,ﾍﾟﾌﾟｼﾉｰｹﾞﾝ
Sheet2,DU27,**[PG判定]HL_3,PG判定,HL_3,ﾍﾟﾌﾟｼﾉｰｹﾞﾝ
Sheet2,DV27,**[PG判定]結果値_3,PG判定,結果値_3,ﾍﾟﾌﾟｼﾉｰｹﾞﾝ
Sheet2,CA28,**[血清鉄]基単,血清鉄,基単,血清鉄
Sheet2,CH28,**[血清鉄]HL_1,血清鉄,HL_1,血清鉄
Sheet2,CI28,**[血清鉄]結果値_1,血清鉄,結果値_1,血清鉄
Sheet2,CL28,**[血清鉄]HL_2,血清鉄,HL_2,血清鉄
Sheet2,CM28,**[血清鉄]結果値_2,血清鉄,結果値_2,血清鉄
Sheet2,CP28,**[血清鉄]HL_3,血清鉄,HL_3,血清鉄
Sheet2,CQ28,**[血清鉄]結果値_3,血清鉄,結果値_3,血清鉄
Sheet2,DF28,**[PG1]基単,PG1,基単,ﾍﾟﾌﾟｼﾉｰｹﾞﾝⅠ
Sheet2,DM28,**[PG1]HL_1,PG1,HL_1,ﾍﾟﾌﾟｼﾉｰｹﾞﾝⅠ
Sheet2,DN28,**[PG1]結果値_1,PG1,結果値_1,ﾍﾟﾌﾟｼﾉｰｹﾞﾝⅠ
Sheet2,DQ28,**[PG1]HL_2,PG1,HL_2,ﾍﾟﾌﾟｼﾉｰｹﾞﾝⅠ
Sheet2,DR28,**[PG1]結果値_2,PG1,結果値_2,ﾍﾟﾌﾟｼﾉｰｹﾞﾝⅠ
Sheet2,DU28,**[PG1]HL_3,PG1,HL_3,ﾍﾟﾌﾟｼﾉｰｹﾞﾝⅠ
Sheet2,DV28,**[PG1]結果値_3,PG1,結果値_3,ﾍﾟﾌﾟｼﾉｰｹﾞﾝⅠ
Sheet2,B29,**[総合判定1(編集)]結果値_1,総合判定1(編集),結果値_1,
Sheet2,CA29,**[全血比重]基単,全血比重,基単,全血比重
Sheet2,CH29,**[全血比重]HL_1,全血比重,HL_1,全血比重
Sheet2,CI29,**[全血比重]結果値_1,全血比重,結果値_1,全血比重
Sheet2,CL29,**[全血比重]HL_2,全血比重,HL_2,全血比重
Sheet2,CM29,**[全血比重]結果値_2,全血比重,結果値_2,全血比重
Sheet2,CP29,**[全血比重]HL_3,全血比重,HL_3,全血比重
Sheet2,CQ29,**[全血比重]結果値_3,全血比重,結果値_3,全血比重
Sheet2,DF29,**[PG2]基単,PG2,基単,ﾍﾟﾌﾟｼﾉｰｹﾞﾝⅡ
Sheet2,DM29,**[PG2]HL_1,PG2,HL_1,ﾍﾟﾌﾟｼﾉｰｹﾞﾝⅡ
Sheet2,DN29,**[PG2]結果値_1,PG2,結果値_1,ﾍﾟﾌﾟｼﾉｰｹﾞﾝⅡ
Sheet2,DQ29,**[PG2]HL_2,PG2,HL_2,ﾍﾟﾌﾟｼﾉｰｹﾞﾝⅡ
Sheet2,DR29,**[PG2]結果値_2,PG2,結果値_2,ﾍﾟﾌﾟｼﾉｰｹﾞﾝⅡ
Sheet2,DU29,**[PG2]HL_3,PG2,HL_3,ﾍﾟﾌﾟｼﾉｰｹﾞﾝⅡ
Sheet2,DV29,**[PG2]結果値_3,PG2,結果値_3,ﾍﾟﾌﾟｼﾉｰｹﾞﾝⅡ
Sheet2,B30,**[総合判定2(編集)]結果値_1,総合判定2(編集),結果値_1,
Sheet2,CA30,**[TIBC]基単,TIBC,基単,ＴＩＢＣ
Sheet2,CH30,**[TIBC]HL_1,TIBC,HL_1,ＴＩＢＣ
Sheet2,CI30,**[TIBC]結果値_1,TIBC,結果値_1,ＴＩＢＣ
Sheet2,CL30,**[TIBC]HL_2,TIBC,HL_2,ＴＩＢＣ
Sheet2,CM30,**[TIBC]結果値_2,TIBC,結果値_2,ＴＩＢＣ
Sheet2,CP30,**[TIBC]HL_3,TIBC,HL_3,ＴＩＢＣ
Sheet2,CQ30,**[TIBC]結果値_3,TIBC,結果値_3,ＴＩＢＣ
Sheet2,DF30,**[PG比]基単,PG比,基単,PGⅠ/PGⅡ比
Sheet2,DM30,**[PG比]HL_1,PG比,HL_1,PGⅠ/PGⅡ比
Sheet2,DN30,**[PG比]結果値_1,PG比,結果値_1,PGⅠ/PGⅡ比
Sheet2,DQ30,**[PG比]HL_2,PG比,HL_2,PGⅠ/PGⅡ比
Sheet2,DR30,**[PG比]結果値_2,PG比,結果値_2,PGⅠ/PGⅡ比
Sheet2,DU30,**[PG比]HL_3,PG比,HL_3,PGⅠ/PGⅡ比
Sheet2,DV30,**[PG比]結果値_3,PG比,結果値_3,PGⅠ/PGⅡ比
Sheet2,B31,**[総合判定3(編集)]結果値_1,総合判定3(編集),結果値_1,
Sheet2,CA31,**[好塩基球]基単,好塩基球,基単,Ｂａｓｏ
Sheet2,CH31,**[好塩基球]HL_1,好塩基球,HL_1,Ｂａｓｏ
Sheet2,CI31,**[好塩基球]結果値_1,好塩基球,結果値_1,Ｂａｓｏ
Sheet2,CL31,**[好塩基球]HL_2,好塩基球,HL_2,Ｂａｓｏ
Sheet2,CM31,**[好塩基球]結果値_2,好塩基球,結果値_2,Ｂａｓｏ
Sheet2,CP31,**[好塩基球]HL_3,好塩基球,HL_3,Ｂａｓｏ
Sheet2,CQ31,**[好塩基球]結果値_3,好塩基球,結果値_3,Ｂａｓｏ
Sheet2,CV31,**[判定_ピロリ菌]判定_1,判定_ピロリ菌,判定_1,Ｂａｓｏ
Sheet2,DF31,**[ﾋﾟﾛﾘ菌定量]基単,ﾋﾟﾛﾘ菌定量,基単,ピロリ菌
Sheet2,DM31,**[ﾋﾟﾛﾘ菌定量]HL_1,ﾋﾟﾛﾘ菌定量,HL_1,ピロリ菌
Sheet2,DN31,**[ﾋﾟﾛﾘ菌定量]結果値_1,ﾋﾟﾛﾘ菌定量,結果値_1,ピロリ菌
Sheet2,DQ31,**[ﾋﾟﾛﾘ菌定量]HL_2,ﾋﾟﾛﾘ菌定量,HL_2,ピロリ菌
Sheet2,DR31,**[ﾋﾟﾛﾘ菌定量]結果値_2,ﾋﾟﾛﾘ菌定量,結果値_2,ピロリ菌
Sheet2,DU31,**[ﾋﾟﾛﾘ菌定量]HL_3,ﾋﾟﾛﾘ菌定量,HL_3,ピロリ菌
Sheet2,DV31,**[ﾋﾟﾛﾘ菌定量]結果値_3,ﾋﾟﾛﾘ菌定量,結果値_3,ピロリ菌
Sheet2,B32,**[総合判定4(編集)]結果値_1,総合判定4(編集),結果値_1,
Sheet2,CA32,**[好酸球]基単,好酸球,基単,Ｅｏｓｉ
Sheet2,CH32,**[好酸球]HL_1,好酸球,HL_1,Ｅｏｓｉ
Sheet2,CI32,**[好酸球]結果値_1,好酸球,結果値_1,Ｅｏｓｉ
Sheet2,CL32,**[好酸球]HL_2,好酸球,HL_2,Ｅｏｓｉ
Sheet2,CM32,**[好酸球]結果値_2,好酸球,結果値_2,Ｅｏｓｉ
Sheet2,CP32,**[好酸球]HL_3,好酸球,HL_3,Ｅｏｓｉ
Sheet2,CQ32,**[好酸球]結果値_3,好酸球,結果値_3,Ｅｏｓｉ
Sheet2,CV32,**[判定_胃がんリスクＡＢＣ分類]判定_1,判定_胃がんリスクＡＢＣ分類,判定_1,Ｅｏｓｉ
Sheet2,DF32,**[胃がんリスクＡＢＣ分類]基単,胃がんリスクＡＢＣ分類,基単,ＡＢＣ検診
Sheet2,DM32,**[胃がんリスクＡＢＣ分類]HL_1,胃がんリスクＡＢＣ分類,HL_1,ＡＢＣ検診
Sheet2,DN32,**[胃がんリスクＡＢＣ分類]結果値_1,胃がんリスクＡＢＣ分類,結果値_1,ＡＢＣ検診
Sheet2,DQ32,**[胃がんリスクＡＢＣ分類]HL_2,胃がんリスクＡＢＣ分類,HL_2,ＡＢＣ検診
Sheet2,DR32,**[胃がんリスクＡＢＣ分類]結果値_2,胃がんリスクＡＢＣ分類,結果値_2,ＡＢＣ検診
Sheet2,DU32,**[胃がんリスクＡＢＣ分類]HL_3,胃がんリスクＡＢＣ分類,HL_3,ＡＢＣ検診
Sheet2,DV32,**[胃がんリスクＡＢＣ分類]結果値_3,胃がんリスクＡＢＣ分類,結果値_3,ＡＢＣ検診
Sheet2,B33,**[総合判定5(編集)]結果値_1,総合判定5(編集),結果値_1,
Sheet2,CA33,**[桿状核球]基単,桿状核球,基単,Ｓｔａｂ
Sheet2,CH33,**[桿状核球]HL_1,桿状核球,HL_1,Ｓｔａｂ
Sheet2,CI33,**[桿状核球]結果値_1,桿状核球,結果値_1,Ｓｔａｂ
Sheet2,CL33,**[桿状核球]HL_2,桿状核球,HL_2,Ｓｔａｂ
Sheet2,CM33,**[桿状核球]結果値_2,桿状核球,結果値_2,Ｓｔａｂ
Sheet2,CP33,**[桿状核球]HL_3,桿状核球,HL_3,Ｓｔａｂ
Sheet2,CQ33,**[桿状核球]結果値_3,桿状核球,結果値_3,Ｓｔａｂ
Sheet2,CV33,**[判定_前立腺検査]判定_1,判定_前立腺検査,判定_1,Ｓｔａｂ
Sheet2,DF33,**[PSA]基単,PSA,基単,前立腺検査(PSA)
Sheet2,DM33,**[PSA]HL_1,PSA,HL_1,前立腺検査(PSA)
Sheet2,DN33,**[PSA]結果値_1,PSA,結果値_1,前立腺検査(PSA)
Sheet2,DQ33,**[PSA]HL_2,PSA,HL_2,前立腺検査(PSA)
Sheet2,DR33,**[PSA]結果値_2,PSA,結果値_2,前立腺検査(PSA)
Sheet2,DU33,**[PSA]HL_3,PSA,HL_3,前立腺検査(PSA)
Sheet2,DV33,**[PSA]結果値_3,PSA,結果値_3,前立腺検査(PSA)
Sheet2,B34,**[総合判定6(編集)]結果値_1,総合判定6(編集),結果値_1,
Sheet2,CA34,**[分葉核球]基単,分葉核球,基単,Ｓｅｇ
Sheet2,CH34,**[分葉核球]HL_1,分葉核球,HL_1,Ｓｅｇ
Sheet2,CI34,**[分葉核球]結果値_1,分葉核球,結果値_1,Ｓｅｇ
Sheet2,CL34,**[分葉核球]HL_2,分葉核球,HL_2,Ｓｅｇ
Sheet2,CM34,**[分葉核球]結果値_2,分葉核球,結果値_2,Ｓｅｇ
Sheet2,CP34,**[分葉核球]HL_3,分葉核球,HL_3,Ｓｅｇ
Sheet2,CQ34,**[分葉核球]結果値_3,分葉核球,結果値_3,Ｓｅｇ
Sheet2,CV34,**[判定_免疫]判定_1,判定_免疫,判定_1,Ｓｅｇ
Sheet2,DF34,**[CRP定量]基単,CRP定量,基単,ＣＲＰ
Sheet2,DM34,**[CRP定量]HL_1,CRP定量,HL_1,ＣＲＰ
Sheet2,DN34,**[CRP定量]結果値_1,CRP定量,結果値_1,ＣＲＰ
Sheet2,DQ34,**[CRP定量]HL_2,CRP定量,HL_2,ＣＲＰ
Sheet2,DR34,**[CRP定量]結果値_2,CRP定量,結果値_2,ＣＲＰ
Sheet2,DU34,**[CRP定量]HL_3,CRP定量,HL_3,ＣＲＰ
Sheet2,DV34,**[CRP定量]結果値_3,CRP定量,結果値_3,ＣＲＰ
Sheet2,B35,**[総合判定7(編集)]結果値_1,総合判定7(編集),結果値_1,
Sheet2,CA35,**[ﾘﾝﾊﾟ球]基単,ﾘﾝﾊﾟ球,基単,Ｌｙｍｐｈ
Sheet2,CH35,**[ﾘﾝﾊﾟ球]HL_1,ﾘﾝﾊﾟ球,HL_1,Ｌｙｍｐｈ
Sheet2,CI35,**[ﾘﾝﾊﾟ球]結果値_1,ﾘﾝﾊﾟ球,結果値_1,Ｌｙｍｐｈ
Sheet2,CL35,**[ﾘﾝﾊﾟ球]HL_2,ﾘﾝﾊﾟ球,HL_2,Ｌｙｍｐｈ
Sheet2,CM35,**[ﾘﾝﾊﾟ球]結果値_2,ﾘﾝﾊﾟ球,結果値_2,Ｌｙｍｐｈ
Sheet2,CP35,**[ﾘﾝﾊﾟ球]HL_3,ﾘﾝﾊﾟ球,HL_3,Ｌｙｍｐｈ
Sheet2,CQ35,**[ﾘﾝﾊﾟ球]結果値_3,ﾘﾝﾊﾟ球,結果値_3,Ｌｙｍｐｈ
Sheet2,DF35,**[ASO]基単,ASO,基単,ＡＳＯ
Sheet2,DM35,**[ASO]HL_1,ASO,HL_1,ＡＳＯ
Sheet2,DN35,**[ASO]結果値_1,ASO,結果値_1,ＡＳＯ
Sheet2,DQ35,**[ASO]HL_2,ASO,HL_2,ＡＳＯ
Sheet2,DR35,**[ASO]結果値_2,ASO,結果値_2,ＡＳＯ
Sheet2,DU35,**[ASO]HL_3,ASO,HL_3,ＡＳＯ
Sheet2,DV35,**[ASO]結果値_3,ASO,結果値_3,ＡＳＯ
Sheet2,B36,**[総合判定8(編集)]結果値_1,総合判定8(編集),結果値_1,
Sheet2,CA36,**[単球]基単,単球,基単,Ｍｏｎｏ
Sheet2,CH36,**[単球]HL_1,単球,HL_1,Ｍｏｎｏ
Sheet2,CI36,**[単球]結果値_1,単球,結果値_1,Ｍｏｎｏ
Sheet2,CL36,**[単球]HL_2,単球,HL_2,Ｍｏｎｏ
Sheet2,CM36,**[単球]結果値_2,単球,結果値_2,Ｍｏｎｏ
Sheet2,CP36,**[単球]HL_3,単球,HL_3,Ｍｏｎｏ
Sheet2,CQ36,**[単球]結果値_3,単球,結果値_3,Ｍｏｎｏ
Sheet2,CV36,**[判定_梅毒]判定_1,判定_梅毒,判定_1,Ｍｏｎｏ
Sheet2,DF36,**[TPHA法定性]基単,TPHA法定性,基単,(TPHA)
Sheet2,DM36,**[TPHA法定性]HL_1,TPHA法定性,HL_1,(TPHA)
Sheet2,DN36,**[TPHA法定性]結果値_1,TPHA法定性,結果値_1,(TPHA)
Sheet2,DQ36,**[TPHA法定性]HL_2,TPHA法定性,HL_2,(TPHA)
Sheet2,DR36,**[TPHA法定性]結果値_2,TPHA法定性,結果値_2,(TPHA)
Sheet2,DU36,**[TPHA法定性]HL_3,TPHA法定性,HL_3,(TPHA)
Sheet2,DV36,**[TPHA法定性]結果値_3,TPHA法定性,結果値_3,(TPHA)
Sheet2,B37,**[総合判定9(編集)]結果値_1,総合判定9(編集),結果値_1,
Sheet2,CA37,**[好中球]基単,好中球,基単,Ｎｅｕｔｒｏ
Sheet2,CH37,**[好中球]HL_1,好中球,HL_1,Ｎｅｕｔｒｏ
Sheet2,CI37,**[好中球]結果値_1,好中球,結果値_1,Ｎｅｕｔｒｏ
Sheet2,CL37,**[好中球]HL_2,好中球,HL_2,Ｎｅｕｔｒｏ
Sheet2,CM37,**[好中球]結果値_2,好中球,結果値_2,Ｎｅｕｔｒｏ
Sheet2,CP37,**[好中球]HL_3,好中球,HL_3,Ｎｅｕｔｒｏ
Sheet2,CQ37,**[好中球]結果値_3,好中球,結果値_3,Ｎｅｕｔｒｏ
Sheet2,DF37,**[RPR法定性]基単,RPR法定性,基単,(RPR)
Sheet2,DM37,**[RPR法定性]HL_1,RPR法定性,HL_1,(RPR)
Sheet2,DN37,**[RPR法定性]結果値_1,RPR法定性,結果値_1,(RPR)
Sheet2,DQ37,**[RPR法定性]HL_2,RPR法定性,HL_2,(RPR)
Sheet2,DR37,**[RPR法定性]結果値_2,RPR法定性,結果値_2,(RPR)
Sheet2,DU37,**[RPR法定性]HL_3,RPR法定性,HL_3,(RPR)
Sheet2,DV37,**[RPR法定性]結果値_3,RPR法定性,結果値_3,(RPR)
Sheet2,B38,**[総合判定10(編集)]結果値_1,総合判定10(編集),結果値_1,
Sheet2,CA38,**[血沈1h]基単,血沈1h,基単,血沈　１ｈ
Sheet2,CH38,**[血沈1h]HL_1,血沈1h,HL_1,血沈　１ｈ
Sheet2,CI38,**[血沈1h]結果値_1,血沈1h,結果値_1,血沈　１ｈ
Sheet2,CL38,**[血沈1h]HL_2,血沈1h,HL_2,血沈　１ｈ
Sheet2,CM38,**[血沈1h]結果値_2,血沈1h,結果値_2,血沈　１ｈ
Sheet2,CP38,**[血沈1h]HL_3,血沈1h,HL_3,血沈　１ｈ
Sheet2,CQ38,**[血沈1h]結果値_3,血沈1h,結果値_3,血沈　１ｈ
Sheet2,CV38,**[NT-proBNP]判定_1,NT-proBNP,判定_1,血沈　１ｈ
Sheet2,DF38,**[NT-proBNP]基単,NT-proBNP,基単,BNP検査(NT-proBNP)
Sheet2,DM38,**[NT-proBNP]HL_1,NT-proBNP,HL_1,BNP検査(NT-proBNP)
Sheet2,DN38,**[NT-proBNP]結果値_1,NT-proBNP,結果値_1,BNP検査(NT-proBNP)
Sheet2,DQ38,**[NT-proBNP]HL_2,NT-proBNP,HL_2,BNP検査(NT-proBNP)
Sheet2,DR38,**[NT-proBNP]結果値_2,NT-proBNP,結果値_2,BNP検査(NT-proBNP)
Sheet2,DU38,**[NT-proBNP]HL_3,NT-proBNP,HL_3,BNP検査(NT-proBNP)
Sheet2,DV38,**[NT-proBNP]結果値_3,NT-proBNP,結果値_3,BNP検査(NT-proBNP)
Sheet2,B39,**[総合判定11(編集)]結果値_1,総合判定11(編集),結果値_1,
Sheet2,CA39,**[血沈2h]基単,血沈2h,基単,血沈　２ｈ
Sheet2,CH39,**[血沈2h]HL_1,血沈2h,HL_1,血沈　２ｈ
Sheet2,CI39,**[血沈2h]結果値_1,血沈2h,結果値_1,血沈　２ｈ
Sheet2,CL39,**[血沈2h]HL_2,血沈2h,HL_2,血沈　２ｈ
Sheet2,CM39,**[血沈2h]結果値_2,血沈2h,結果値_2,血沈　２ｈ
Sheet2,CP39,**[血沈2h]HL_3,血沈2h,HL_3,血沈　２ｈ
Sheet2,CQ39,**[血沈2h]結果値_3,血沈2h,結果値_3,血沈　２ｈ
Sheet2,CV39,**[判定_腫瘍ﾏｰｶｰ]判定_1,判定_腫瘍ﾏｰｶｰ,判定_1,血沈　２ｈ
Sheet2,DF39,**[CA19-9]基単,CA19-9,基単,ＣＡ19-9
Sheet2,DM39,**[CA19-9]HL_1,CA19-9,HL_1,ＣＡ19-9
Sheet2,DN39,**[CA19-9]結果値_1,CA19-9,結果値_1,ＣＡ19-9
Sheet2,DQ39,**[CA19-9]HL_2,CA19-9,HL_2,ＣＡ19-9
Sheet2,DR39,**[CA19-9]結果値_2,CA19-9,結果値_2,ＣＡ19-9
Sheet2,DU39,**[CA19-9]HL_3,CA19-9,HL_3,ＣＡ19-9
Sheet2,DV39,**[CA19-9]結果値_3,CA19-9,結果値_3,ＣＡ19-9
Sheet2,B40,**[総合判定12(編集)]結果値_1,総合判定12(編集),結果値_1,
Sheet2,BQ40,**[判定_脂質代謝]判定_1,判定_脂質代謝,判定_1,脂質検査
Sheet2,CA40,**[総ｺﾚｽﾃﾛｰﾙ]基単,総ｺﾚｽﾃﾛｰﾙ,基単,総コレステロール
Sheet2,CH40,**[総ｺﾚｽﾃﾛｰﾙ]HL_1,総ｺﾚｽﾃﾛｰﾙ,HL_1,総コレステロール
Sheet2,CI40,**[総ｺﾚｽﾃﾛｰﾙ]結果値_1,総ｺﾚｽﾃﾛｰﾙ,結果値_1,総コレステロール
Sheet2,CL40,**[総ｺﾚｽﾃﾛｰﾙ]HL_2,総ｺﾚｽﾃﾛｰﾙ,HL_2,総コレステロール
Sheet2,CM40,**[総ｺﾚｽﾃﾛｰﾙ]結果値_2,総ｺﾚｽﾃﾛｰﾙ,結果値_2,総コレステロール
Sheet2,CP40,**[総ｺﾚｽﾃﾛｰﾙ]HL_3,総ｺﾚｽﾃﾛｰﾙ,HL_3,総コレステロール
Sheet2,CQ40,**[総ｺﾚｽﾃﾛｰﾙ]結果値_3,総ｺﾚｽﾃﾛｰﾙ,結果値_3,総コレステロール
Sheet2,DF40,**[CEA]基単,CEA,基単,ＣＥＡ
Sheet2,DM40,**[CEA]HL_1,CEA,HL_1,ＣＥＡ
Sheet2,DN40,**[CEA]結果値_1,CEA,結果値_1,ＣＥＡ
Sheet2,DQ40,**[CEA]HL_2,CEA,HL_2,ＣＥＡ
Sheet2,DR40,**[CEA]結果値_2,CEA,結果値_2,ＣＥＡ
Sheet2,DU40,**[CEA]HL_3,CEA,HL_3,ＣＥＡ
Sheet2,DV40,**[CEA]結果値_3,CEA,結果値_3,ＣＥＡ
Sheet2,CA41,**[中性脂肪未判別]基単,中性脂肪未判別,基単,中性脂肪
Sheet2,CH41,**[中性脂肪未判別]HL_1,中性脂肪未判別,HL_1,中性脂肪
Sheet2,CI41,**[中性脂肪未判別]結果値_1,中性脂肪未判別,結果値_1,中性脂肪
Sheet2,CL41,**[中性脂肪未判別]HL_2,中性脂肪未判別,HL_2,中性脂肪
Sheet2,CM41,**[中性脂肪未判別]結果値_2,中性脂肪未判別,結果値_2,中性脂肪
Sheet2,CP41,**[中性脂肪未判別]HL_3,中性脂肪未判別,HL_3,中性脂肪
Sheet2,CQ41,**[中性脂肪未判別]結果値_3,中性脂肪未判別,結果値_3,中性脂肪
Sheet2,DF41,**[AFP]基単,AFP,基単,ＡＦＰ
Sheet2,DM41,**[AFP]HL_1,AFP,HL_1,ＡＦＰ
Sheet2,DN41,**[AFP]結果値_1,AFP,結果値_1,ＡＦＰ
Sheet2,DQ41,**[AFP]HL_2,AFP,HL_2,ＡＦＰ
Sheet2,DR41,**[AFP]結果値_2,AFP,結果値_2,ＡＦＰ
Sheet2,DU41,**[AFP]HL_3,AFP,HL_3,ＡＦＰ
Sheet2,DV41,**[AFP]結果値_3,AFP,結果値_3,ＡＦＰ
Sheet2,A42,**[ﾒﾀﾎﾞﾘｯｸ1]結果値_1,ﾒﾀﾎﾞﾘｯｸ1,結果値_1,
Sheet2,AF42,**[ﾒﾀﾎﾞﾘｯｸ2]結果値_1,ﾒﾀﾎﾞﾘｯｸ2,結果値_1,
Sheet2,CA42,**[随時中性脂肪]基単,随時中性脂肪,基単,（随時・食直後）
Sheet2,CH42,**[随時中性脂肪]HL_1,随時中性脂肪,HL_1,（随時・食直後）
Sheet2,CI42,**[随時中性脂肪]結果値_1,随時中性脂肪,結果値_1,（随時・食直後）
Sheet2,CL42,**[随時中性脂肪]HL_2,随時中性脂肪,HL_2,（随時・食直後）
Sheet2,CM42,**[随時中性脂肪]結果値_2,随時中性脂肪,結果値_2,（随時・食直後）
Sheet2,CP42,**[随時中性脂肪]HL_3,随時中性脂肪,HL_3,（随時・食直後）
Sheet2,CQ42,**[随時中性脂肪]結果値_3,随時中性脂肪,結果値_3,（随時・食直後）
Sheet2,DF42,**[CA125]基単,CA125,基単,ＣＡ125
Sheet2,DM42,**[CA125]HL_1,CA125,HL_1,ＣＡ125
Sheet2,DN42,**[CA125]結果値_1,CA125,結果値_1,ＣＡ125
Sheet2,DQ42,**[CA125]HL_2,CA125,HL_2,ＣＡ125
Sheet2,DR42,**[CA125]結果値_2,CA125,結果値_2,ＣＡ125
Sheet2,DU42,**[CA125]HL_3,CA125,HL_3,ＣＡ125
Sheet2,DV42,**[CA125]結果値_3,CA125,結果値_3,ＣＡ125
Sheet2,CA43,**[HDLｺﾚｽﾃﾛｰﾙ]基単,HDLｺﾚｽﾃﾛｰﾙ,基単,HDLコレステロール
Sheet2,CH43,**[HDLｺﾚｽﾃﾛｰﾙ]HL_1,HDLｺﾚｽﾃﾛｰﾙ,HL_1,HDLコレステロール
Sheet2,CI43,**[HDLｺﾚｽﾃﾛｰﾙ]結果値_1,HDLｺﾚｽﾃﾛｰﾙ,結果値_1,HDLコレステロール
Sheet2,CL43,**[HDLｺﾚｽﾃﾛｰﾙ]HL_2,HDLｺﾚｽﾃﾛｰﾙ,HL_2,HDLコレステロール
Sheet2,CM43,**[HDLｺﾚｽﾃﾛｰﾙ]結果値_2,HDLｺﾚｽﾃﾛｰﾙ,結果値_2,HDLコレステロール
Sheet2,CP43,**[HDLｺﾚｽﾃﾛｰﾙ]HL_3,HDLｺﾚｽﾃﾛｰﾙ,HL_3,HDLコレステロール
Sheet2,CQ43,**[HDLｺﾚｽﾃﾛｰﾙ]結果値_3,HDLｺﾚｽﾃﾛｰﾙ,結果値_3,HDLコレステロール
Sheet2,CV43,**[その他1]判定_1,その他1,判定_1,HDLコレステロール
Sheet2,CX43,**[その他1]項目名称,その他1,項目名称,HDLコレステロール
Sheet2,DF43,**[その他1]基単,その他1,基単,HDLコレステロール
Sheet2,DM43,**[その他1]HL_1,その他1,HL_1,HDLコレステロール
Sheet2,DN43,**[その他1]結果値_1,その他1,結果値_1,HDLコレステロール
Sheet2,DQ43,**[その他1]HL_2,その他1,HL_2,HDLコレステロール
Sheet2,DR43,**[その他1]結果値_2,その他1,結果値_2,HDLコレステロール
Sheet2,DU43,**[その他1]HL_3,その他1,HL_3,HDLコレステロール
Sheet2,DV43,**[その他1]結果値_3,その他1,結果値_3,HDLコレステロール
Sheet2,CA44,**[LDLｺﾚｽﾃﾛｰﾙ]基単,LDLｺﾚｽﾃﾛｰﾙ,基単,LDLコレステロール
Sheet2,CH44,**[LDLｺﾚｽﾃﾛｰﾙ]HL_1,LDLｺﾚｽﾃﾛｰﾙ,HL_1,LDLコレステロール
Sheet2,CI44,**[LDLｺﾚｽﾃﾛｰﾙ]結果値_1,LDLｺﾚｽﾃﾛｰﾙ,結果値_1,LDLコレステロール
Sheet2,CL44,**[LDLｺﾚｽﾃﾛｰﾙ]HL_2,LDLｺﾚｽﾃﾛｰﾙ,HL_2,LDLコレステロール
Sheet2,CM44,**[LDLｺﾚｽﾃﾛｰﾙ]結果値_2,LDLｺﾚｽﾃﾛｰﾙ,結果値_2,LDLコレステロール
Sheet2,CP44,**[LDLｺﾚｽﾃﾛｰﾙ]HL_3,LDLｺﾚｽﾃﾛｰﾙ,HL_3,LDLコレステロール
Sheet2,CQ44,**[LDLｺﾚｽﾃﾛｰﾙ]結果値_3,LDLｺﾚｽﾃﾛｰﾙ,結果値_3,LDLコレステロール
Sheet2,CV44,**[その他2]判定_1,その他2,判定_1,LDLコレステロール
Sheet2,CX44,**[その他2]項目名称,その他2,項目名称,LDLコレステロール
Sheet2,DF44,**[その他2]基単,その他2,基単,LDLコレステロール
Sheet2,DM44,**[その他2]HL_1,その他2,HL_1,LDLコレステロール
Sheet2,DN44,**[その他2]結果値_1,その他2,結果値_1,LDLコレステロール
Sheet2,DQ44,**[その他2]HL_2,その他2,HL_2,LDLコレステロール
Sheet2,DR44,**[その他2]結果値_2,その他2,結果値_2,LDLコレステロール
Sheet2,DU44,**[その他2]HL_3,その他2,HL_3,LDLコレステロール
Sheet2,DV44,**[その他2]結果値_3,その他2,結果値_3,LDLコレステロール
Sheet2,CA45,**[non-HDLｺﾚｽﾃﾛｰﾙ]基単,non-HDLｺﾚｽﾃﾛｰﾙ,基単,nonHDLコレステロール
Sheet2,CH45,**[non-HDLｺﾚｽﾃﾛｰﾙ]HL_1,non-HDLｺﾚｽﾃﾛｰﾙ,HL_1,nonHDLコレステロール
Sheet2,CI45,**[non-HDLｺﾚｽﾃﾛｰﾙ]結果値_1,non-HDLｺﾚｽﾃﾛｰﾙ,結果値_1,nonHDLコレステロール
Sheet2,CL45,**[non-HDLｺﾚｽﾃﾛｰﾙ]HL_2,non-HDLｺﾚｽﾃﾛｰﾙ,HL_2,nonHDLコレステロール
Sheet2,CM45,**[non-HDLｺﾚｽﾃﾛｰﾙ]結果値_2,non-HDLｺﾚｽﾃﾛｰﾙ,結果値_2,nonHDLコレステロール
Sheet2,CP45,**[non-HDLｺﾚｽﾃﾛｰﾙ]HL_3,non-HDLｺﾚｽﾃﾛｰﾙ,HL_3,nonHDLコレステロール
Sheet2,CQ45,**[non-HDLｺﾚｽﾃﾛｰﾙ]結果値_3,non-HDLｺﾚｽﾃﾛｰﾙ,結果値_3,nonHDLコレステロール
Sheet2,CV45,**[その他3]判定_1,その他3,判定_1,nonHDLコレステロール
Sheet2,CX45,**[その他3]項目名称,その他3,項目名称,nonHDLコレステロール
Sheet2,DF45,**[その他3]基単,その他3,基単,nonHDLコレステロール
Sheet2,DM45,**[その他3]HL_1,その他3,HL_1,nonHDLコレステロール
Sheet2,DN45,**[その他3]結果値_1,その他3,結果値_1,nonHDLコレステロール
Sheet2,DQ45,**[その他3]HL_2,その他3,HL_2,nonHDLコレステロール
Sheet2,DR45,**[その他3]結果値_2,その他3,結果値_2,nonHDLコレステロール
Sheet2,DU45,**[その他3]HL_3,その他3,HL_3,nonHDLコレステロール
Sheet2,DV45,**[その他3]結果値_3,その他3,結果値_3,nonHDLコレステロール
Sheet2,CV46,**[その他4]判定_1,その他4,判定_1,
Sheet2,CX46,**[その他4]項目名称,その他4,項目名称,
Sheet2,DF46,**[その他4]基単,その他4,基単,
Sheet2,DM46,**[その他4]HL_1,その他4,HL_1,
Sheet2,DN46,**[その他4]結果値_1,その他4,結果値_1,
Sheet2,DQ46,**[その他4]HL_2,その他4,HL_2,
Sheet2,DR46,**[その他4]結果値_2,その他4,結果値_2,
Sheet2,DU46,**[その他4]HL_3,その他4,HL_3,
Sheet2,DV46,**[その他4]結果値_3,その他4,結果値_3,
Sheet2,CV47,**[その他5]判定_1,その他5,判定_1,治療中
Sheet2,CX47,**[その他5]項目名称,その他5,項目名称,治療中
Sheet2,DF47,**[その他5]基単,その他5,基単,治療中
Sheet2,DM47,**[その他5]HL_1,その他5,HL_1,治療中
Sheet2,DN47,**[その他5]結果値_1,その他5,結果値_1,治療中
Sheet2,DQ47,**[その他5]HL_2,その他5,HL_2,治療中
Sheet2,DR47,**[その他5]結果値_2,その他5,結果値_2,治療中
Sheet2,DU47,**[その他5]HL_3,その他5,HL_3,治療中
Sheet2,DV47,**[その他5]結果値_3,その他5,結果値_3,治療中
Sheet2,CV48,**[その他6]判定_1,その他6,判定_1,
Sheet2,CX48,**[その他6]項目名称,その他6,項目名称,
Sheet2,DF48,**[その他6]基単,その他6,基単,
Sheet2,DM48,**[その他6]HL_1,その他6,HL_1,
Sheet2,DN48,**[その他6]結果値_1,その他6,結果値_1,
Sheet2,DQ48,**[その他6]HL_2,その他6,HL_2,
Sheet2,DR48,**[その他6]結果値_2,その他6,結果値_2,
Sheet2,DU48,**[その他6]HL_3,その他6,HL_3,
Sheet2,DV48,**[その他6]結果値_3,その他6,結果値_3,
Sheet2,BX50,**[判定_胸部X線]判定_1,判定_胸部X線,判定_1,胸　部
Sheet2,BZ50,**[胸部X線1]結果値_1,胸部X線1,結果値_1,胸　部
Sheet2,CQ50,**[胸部X線1]結果値_2,胸部X線1,結果値_2,胸　部
Sheet2,DH50,**[胸部X線1]結果値_3,胸部X線1,結果値_3,胸　部
Sheet2,BZ51,**[胸部X線2]結果値_1,胸部X線2,結果値_1,前々回
Sheet2,CQ51,**[胸部X線2]結果値_2,胸部X線2,結果値_2,前々回
Sheet2,DH51,**[胸部X線2]結果値_3,胸部X線2,結果値_3,前々回
Sheet2,A52,**[業務歴1]結果値_1,業務歴1,結果値_1,
Sheet2,Q52,**[判定_身体計測]判定_1,判定_身体計測,判定_1,身体計測
Sheet2,AI52,**[身長]結果値_1,身長,結果値_1,身長〔cm〕
Sheet2,AS52,**[身長]結果値_2,身長,結果値_2,身長〔cm〕
Sheet2,BC52,**[身長]結果値_3,身長,結果値_3,身長〔cm〕
Sheet2,BZ52,**[胸部X線3]結果値_1,胸部X線3,結果値_1,身長〔cm〕
Sheet2,CQ52,**[胸部X線3]結果値_2,胸部X線3,結果値_2,身長〔cm〕
Sheet2,DH52,**[胸部X線3]結果値_3,胸部X線3,結果値_3,身長〔cm〕
Sheet2,A53,**[業務歴2]結果値_1,業務歴2,結果値_1,
Sheet2,AI53,**[体重]結果値_1,体重,結果値_1,体重〔kg〕
Sheet2,AS53,**[体重]結果値_2,体重,結果値_2,体重〔kg〕
Sheet2,BC53,**[体重]結果値_3,体重,結果値_3,体重〔kg〕
Sheet2,BX53,**[判定_心電図]判定_1,判定_心電図,判定_1,心電図
Sheet2,BZ53,**[心電図1]結果値_1,心電図1,結果値_1,心電図
Sheet2,CQ53,**[心電図1]結果値_2,心電図1,結果値_2,心電図
Sheet2,DH53,**[心電図1]結果値_3,心電図1,結果値_3,心電図
Sheet2,AI54,**[標準体重]結果値_1,標準体重,結果値_1,標準体重〔kg〕
Sheet2,AS54,**[標準体重]結果値_2,標準体重,結果値_2,標準体重〔kg〕
Sheet2,BC54,**[標準体重]結果値_3,標準体重,結果値_3,標準体重〔kg〕
Sheet2,BZ54,**[心電図2]結果値_1,心電図2,結果値_1,標準体重〔kg〕
Sheet2,CQ54,**[心電図2]結果値_2,心電図2,結果値_2,標準体重〔kg〕
Sheet2,DH54,**[心電図2]結果値_3,心電図2,結果値_3,標準体重〔kg〕
Sheet2,A55,**既往歴_状況1_1,,既往歴_状況1_1,
Sheet2,AB55,**[BMI]基準値,BMI,基準値,ＢＭＩ〔kg/㎡〕
Sheet2,AG55,**[BMI]HL_1,BMI,HL_1,ＢＭＩ〔kg/㎡〕
Sheet2,AI55,**[BMI]結果値_1,BMI,結果値_1,ＢＭＩ〔kg/㎡〕
Sheet2,AQ55,**[BMI]HL_2,BMI,HL_2,ＢＭＩ〔kg/㎡〕
Sheet2,AS55,**[BMI]結果値_2,BMI,結果値_2,ＢＭＩ〔kg/㎡〕
Sheet2,BA55,**[BMI]HL_3,BMI,HL_3,ＢＭＩ〔kg/㎡〕
Sheet2,BC55,**[BMI]結果値_3,BMI,結果値_3,ＢＭＩ〔kg/㎡〕
Sheet2,BS55,**[心拍数]基準値,心拍数,基準値,心拍数
Sheet2,BZ55,**[心拍数]HL_1,心拍数,HL_1,心拍数
Sheet2,CB55,**[心拍数]結果値_1,心拍数,結果値_1,心拍数
Sheet2,CK55,**[心拍数]単位,心拍数,単位,心拍数
Sheet2,CQ55,**[心拍数]HL_2,心拍数,HL_2,心拍数
Sheet2,CS55,**[心拍数]結果値_2,心拍数,結果値_2,心拍数
Sheet2,DB55,**[心拍数]単位,心拍数,単位,心拍数
Sheet2,DH55,**[心拍数]HL_3,心拍数,HL_3,心拍数
Sheet2,DJ55,**[心拍数]結果値_3,心拍数,結果値_3,心拍数
Sheet2,DS55,**[心拍数]単位,心拍数,単位,心拍数
Sheet2,A56,**既往歴_状況2_1,,既往歴_状況2_1,
Sheet2,AB56,**[肥満度]基準値,肥満度,基準値,肥満度〔%〕
Sheet2,AG56,**[肥満度]HL_1,肥満度,HL_1,肥満度〔%〕
Sheet2,AI56,**[肥満度]結果値_1,肥満度,結果値_1,肥満度〔%〕
Sheet2,AQ56,**[肥満度]HL_2,肥満度,HL_2,肥満度〔%〕
Sheet2,AS56,**[肥満度]結果値_2,肥満度,結果値_2,肥満度〔%〕
Sheet2,BA56,**[肥満度]HL_3,肥満度,HL_3,肥満度〔%〕
Sheet2,BC56,**[肥満度]結果値_3,肥満度,結果値_3,肥満度〔%〕
Sheet2,BX56,**[判定_消化器]判定_1,判定_消化器,判定_1,検査方法
Sheet2,BZ56,**[胃検査]項目名称_1,胃検査,項目名称_1,検査方法
Sheet2,CQ56,**[胃検査]項目名称_2,胃検査,項目名称_2,検査方法
Sheet2,DH56,**[胃検査]項目名称_3,胃検査,項目名称_3,検査方法
Sheet2,A57,**既往歴_状況3_1,,既往歴_状況3_1,
Sheet2,AB57,**[体脂肪率]基準値,体脂肪率,基準値,体脂肪率〔%〕
Sheet2,AG57,**[体脂肪率]HL_1,体脂肪率,HL_1,体脂肪率〔%〕
Sheet2,AI57,**[体脂肪率]結果値_1,体脂肪率,結果値_1,体脂肪率〔%〕
Sheet2,AQ57,**[体脂肪率]HL_2,体脂肪率,HL_2,体脂肪率〔%〕
Sheet2,AS57,**[体脂肪率]結果値_2,体脂肪率,結果値_2,体脂肪率〔%〕
Sheet2,BA57,**[体脂肪率]HL_3,体脂肪率,HL_3,体脂肪率〔%〕
Sheet2,BC57,**[体脂肪率]結果値_3,体脂肪率,結果値_3,体脂肪率〔%〕
Sheet2,BZ57,**[胃検査所見1]結果値_1,胃検査所見1,結果値_1,食道・胃部・十二指腸
Sheet2,CQ57,**[胃検査所見1]結果値_2,胃検査所見1,結果値_2,食道・胃部・十二指腸
Sheet2,DH57,**[胃検査所見1]結果値_3,胃検査所見1,結果値_3,食道・胃部・十二指腸
Sheet2,A58,**既往歴_状況4_1,,既往歴_状況4_1,
Sheet2,AB58,**[腹囲]基準値,腹囲,基準値,腹囲〔cm〕
Sheet2,AG58,**[腹囲]HL_1,腹囲,HL_1,腹囲〔cm〕
Sheet2,AI58,**[腹囲]結果値_1,腹囲,結果値_1,腹囲〔cm〕
Sheet2,AQ58,**[腹囲]HL_2,腹囲,HL_2,腹囲〔cm〕
Sheet2,AS58,**[腹囲]結果値_2,腹囲,結果値_2,腹囲〔cm〕
Sheet2,BA58,**[腹囲]HL_3,腹囲,HL_3,腹囲〔cm〕
Sheet2,BC58,**[腹囲]結果値_3,腹囲,結果値_3,腹囲〔cm〕
Sheet2,Q59,**[判定_血圧]判定_1,判定_血圧,判定_1,血圧
Sheet2,AB59,**[最高血圧その他]基準値,最高血圧その他,基準値,最高〔mmHg〕
Sheet2,AG59,**[最高血圧その他]HL_1,最高血圧その他,HL_1,最高〔mmHg〕
Sheet2,AI59,**[最高血圧その他]結果値_1,最高血圧その他,結果値_1,最高〔mmHg〕
Sheet2,AQ59,**[最高血圧その他]HL_2,最高血圧その他,HL_2,最高〔mmHg〕
Sheet2,AS59,**[最高血圧その他]結果値_2,最高血圧その他,結果値_2,最高〔mmHg〕
Sheet2,BA59,**[最高血圧その他]HL_3,最高血圧その他,HL_3,最高〔mmHg〕
Sheet2,BC59,**[最高血圧その他]結果値_3,最高血圧その他,結果値_3,最高〔mmHg〕
Sheet2,BZ59,**[胃検査所見2]結果値_1,胃検査所見2,結果値_1,最高〔mmHg〕
Sheet2,CQ59,**[胃検査所見2]結果値_2,胃検査所見2,結果値_2,最高〔mmHg〕
Sheet2,DH59,**[胃検査所見2]結果値_3,胃検査所見2,結果値_3,最高〔mmHg〕
Sheet2,AB60,**[最低血圧その他]基準値,最低血圧その他,基準値,最低
Sheet2,AG60,**[最低血圧その他]HL_1,最低血圧その他,HL_1,最低
Sheet2,AI60,**[最低血圧その他]結果値_1,最低血圧その他,結果値_1,最低
Sheet2,AQ60,**[最低血圧その他]HL_2,最低血圧その他,HL_2,最低
Sheet2,AS60,**[最低血圧その他]結果値_2,最低血圧その他,結果値_2,最低
Sheet2,BA60,**[最低血圧その他]HL_3,最低血圧その他,HL_3,最低
Sheet2,BC60,**[最低血圧その他]結果値_3,最低血圧その他,結果値_3,最低
Sheet2,A61,**[自覚症状1]結果値_1,自覚症状1,結果値_1,
Sheet2,Q61,**[判定_視力]判定_1,判定_視力,判定_1,視力
Sheet2,AB61,**[視力右]基準値,視力右,基準値,裸眼（矯正）
Sheet2,AG61,**[視力右]HL_1,視力右,HL_1,裸眼（矯正）
Sheet2,AH61,**[視力右]結果値_1,視力右,結果値_1,裸眼（矯正）
Sheet2,AL61,**[矯正右]HL_1,矯正右,HL_1,（
Sheet2,AM61,**[矯正右]結果値_1,矯正右,結果値_1,（
Sheet2,AQ61,**[視力右]HL_2,視力右,HL_2,）
Sheet2,AR61,**[視力右]結果値_2,視力右,結果値_2,）
Sheet2,AV61,**[矯正右]HL_2,矯正右,HL_2,（
Sheet2,AW61,**[矯正右]結果値_2,矯正右,結果値_2,（
Sheet2,BA61,**[視力右]HL_3,視力右,HL_3,）
Sheet2,BB61,**[視力右]結果値_3,視力右,結果値_3,）
Sheet2,BF61,**[矯正右]HL_3,矯正右,HL_3,（
Sheet2,BG61,**[矯正右]結果値_3,矯正右,結果値_3,（
Sheet2,BZ61,**[胃検査所見3]結果値_1,胃検査所見3,結果値_1,）
Sheet2,CQ61,**[胃検査所見3]結果値_2,胃検査所見3,結果値_2,）
Sheet2,DH61,**[胃検査所見3]結果値_3,胃検査所見3,結果値_3,）
Sheet2,A62,**[自覚症状2]結果値_1,自覚症状2,結果値_1,
Sheet2,AB62,**[視力左]基準値,視力左,基準値,裸眼（矯正）
Sheet2,AG62,**[視力左]HL_1,視力左,HL_1,裸眼（矯正）
Sheet2,AH62,**[視力左]結果値_1,視力左,結果値_1,裸眼（矯正）
Sheet2,AL62,**[矯正左]HL_1,矯正左,HL_1,（
Sheet2,AM62,**[矯正左]結果値_1,矯正左,結果値_1,（
Sheet2,AQ62,**[視力左]HL_2,視力左,HL_2,）
Sheet2,AR62,**[視力左]結果値_2,視力左,結果値_2,）
Sheet2,AV62,**[矯正左]HL_2,矯正左,HL_2,（
Sheet2,AW62,**[矯正左]結果値_2,矯正左,結果値_2,（
Sheet2,BA62,**[視力左]HL_3,視力左,HL_3,）
Sheet2,BB62,**[視力左]結果値_3,視力左,結果値_3,）
Sheet2,BF62,**[矯正左]HL_3,矯正左,HL_3,（
Sheet2,BG62,**[矯正左]結果値_3,矯正左,結果値_3,（
Sheet2,A63,**[自覚症状3]結果値_1,自覚症状3,結果値_1,
Sheet2,Q63,**[判定_眼圧]判定_1,判定_眼圧,判定_1,眼圧
Sheet2,AB63,**[眼圧右]基準値,眼圧右,基準値,〔mmHg〕
Sheet2,AG63,**[眼圧右]HL_1,眼圧右,HL_1,〔mmHg〕
Sheet2,AI63,**[眼圧右]結果値_1,眼圧右,結果値_1,〔mmHg〕
Sheet2,AQ63,**[眼圧右]HL_2,眼圧右,HL_2,〔mmHg〕
Sheet2,AS63,**[眼圧右]結果値_2,眼圧右,結果値_2,〔mmHg〕
Sheet2,BA63,**[眼圧右]HL_3,眼圧右,HL_3,〔mmHg〕
Sheet2,BC63,**[眼圧右]結果値_3,眼圧右,結果値_3,〔mmHg〕
Sheet2,BX63,**[判定_腹部ｴｺｰ]判定_1,判定_腹部ｴｺｰ,判定_1,超音波
Sheet2,BZ63,**[腹部ｴｺｰ1]結果値_1,腹部ｴｺｰ1,結果値_1,超音波
Sheet2,CQ63,**[腹部ｴｺｰ1]結果値_2,腹部ｴｺｰ1,結果値_2,超音波
Sheet2,DH63,**[腹部ｴｺｰ1]結果値_3,腹部ｴｺｰ1,結果値_3,超音波
Sheet2,A64,**[自覚症状4]結果値_1,自覚症状4,結果値_1,
Sheet2,AB64,**[眼圧左]基準値,眼圧左,基準値,左
Sheet2,AG64,**[眼圧左]HL_1,眼圧左,HL_1,左
Sheet2,AI64,**[眼圧左]結果値_1,眼圧左,結果値_1,左
Sheet2,AQ64,**[眼圧左]HL_2,眼圧左,HL_2,左
Sheet2,AS64,**[眼圧左]結果値_2,眼圧左,結果値_2,左
Sheet2,BA64,**[眼圧左]HL_3,眼圧左,HL_3,左
Sheet2,BC64,**[眼圧左]結果値_3,眼圧左,結果値_3,左
Sheet2,BZ64,**[腹部ｴｺｰ2]結果値_1,腹部ｴｺｰ2,結果値_1,左
Sheet2,CQ64,**[腹部ｴｺｰ2]結果値_2,腹部ｴｺｰ2,結果値_2,左
Sheet2,DH64,**[腹部ｴｺｰ2]結果値_3,腹部ｴｺｰ2,結果値_3,左
Sheet2,Q65,**[判定_眼底]判定_1,判定_眼底,判定_1,眼底
Sheet2,AG65,**[眼底所見右]結果値_1,眼底所見右,結果値_1,所見
Sheet2,AQ65,**[眼底所見右]結果値_2,眼底所見右,結果値_2,所見
Sheet2,BA65,**[眼底所見右]結果値_3,眼底所見右,結果値_3,所見
Sheet2,BZ65,**[腹部ｴｺｰ3]結果値_1,腹部ｴｺｰ3,結果値_1,所見
Sheet2,CQ65,**[腹部ｴｺｰ3]結果値_2,腹部ｴｺｰ3,結果値_2,所見
Sheet2,DH65,**[腹部ｴｺｰ3]結果値_3,腹部ｴｺｰ3,結果値_3,所見
Sheet2,AG66,**[眼底所見左]結果値_1,眼底所見左,結果値_1,左
Sheet2,AQ66,**[眼底所見左]結果値_2,眼底所見左,結果値_2,左
Sheet2,BA66,**[眼底所見左]結果値_3,眼底所見左,結果値_3,左
Sheet2,BX66,**[喀痰細胞診]判定_1,喀痰細胞診,判定_1,喀　痰
Sheet2,BZ66,**[喀痰細胞診]結果値_1,喀痰細胞診,結果値_1,喀　痰
Sheet2,CQ66,**[喀痰細胞診]結果値_2,喀痰細胞診,結果値_2,喀　痰
Sheet2,DH66,**[喀痰細胞診]結果値_3,喀痰細胞診,結果値_3,喀　痰
Sheet2,A67,**[内科診察1]結果値_1,内科診察1,結果値_1,
Sheet2,Q67,**[判定_聴力]判定_1,判定_聴力,判定_1,聴　力
Sheet2,AB67,**[聴力右1000]基準値,聴力右1000,基準値,1000Hz〔dB〕
Sheet2,AG67,**[聴力右1000]HL_1,聴力右1000,HL_1,1000Hz〔dB〕
Sheet2,AI67,**[聴力右1000]結果値_1,聴力右1000,結果値_1,1000Hz〔dB〕
Sheet2,AQ67,**[聴力右1000]HL_2,聴力右1000,HL_2,1000Hz〔dB〕
Sheet2,AS67,**[聴力右1000]結果値_2,聴力右1000,結果値_2,1000Hz〔dB〕
Sheet2,BA67,**[聴力右1000]HL_3,聴力右1000,HL_3,1000Hz〔dB〕
Sheet2,BC67,**[聴力右1000]結果値_3,聴力右1000,結果値_3,1000Hz〔dB〕
Sheet2,BX67,**[骨密度]判定_1,骨密度,判定_1,骨密度
Sheet2,BZ67,**[骨密度1]結果値_1,骨密度1,結果値_1,骨密度
Sheet2,CQ67,**[骨密度1]結果値_2,骨密度1,結果値_2,骨密度
Sheet2,DH67,**[骨密度1]結果値_3,骨密度1,結果値_3,骨密度
Sheet2,A68,**[内科診察2]結果値_1,内科診察2,結果値_1,
Sheet2,AB68,**[聴力右4000]基準値,聴力右4000,基準値,4000Hz
Sheet2,AG68,**[聴力右4000]HL_1,聴力右4000,HL_1,4000Hz
Sheet2,AI68,**[聴力右4000]結果値_1,聴力右4000,結果値_1,4000Hz
Sheet2,AQ68,**[聴力右4000]HL_2,聴力右4000,HL_2,4000Hz
Sheet2,AS68,**[聴力右4000]結果値_2,聴力右4000,結果値_2,4000Hz
Sheet2,BA68,**[聴力右4000]HL_3,聴力右4000,HL_3,4000Hz
Sheet2,BC68,**[聴力右4000]結果値_3,聴力右4000,結果値_3,4000Hz
Sheet2,BZ68,**[骨密度2]結果値_1,骨密度2,結果値_1,4000Hz
Sheet2,CQ68,**[骨密度2]結果値_2,骨密度2,結果値_2,4000Hz
Sheet2,DH68,**[骨密度2]結果値_3,骨密度2,結果値_3,4000Hz
Sheet2,A69,**[内科診察3]結果値_1,内科診察3,結果値_1,
Sheet2,AB69,**[聴力左1000]基準値,聴力左1000,基準値,1000Hz
Sheet2,AG69,**[聴力左1000]HL_1,聴力左1000,HL_1,1000Hz
Sheet2,AI69,**[聴力左1000]結果値_1,聴力左1000,結果値_1,1000Hz
Sheet2,AQ69,**[聴力左1000]HL_2,聴力左1000,HL_2,1000Hz
Sheet2,AS69,**[聴力左1000]結果値_2,聴力左1000,結果値_2,1000Hz
Sheet2,BA69,**[聴力左1000]HL_3,聴力左1000,HL_3,1000Hz
Sheet2,BC69,**[聴力左1000]結果値_3,聴力左1000,結果値_3,1000Hz
Sheet2,BZ69,**[骨密度3]結果値_1,骨密度3,結果値_1,1000Hz
Sheet2,CQ69,**[骨密度3]結果値_2,骨密度3,結果値_2,1000Hz
Sheet2,DH69,**[骨密度3]結果値_3,骨密度3,結果値_3,1000Hz
Sheet2,A70,**[内科診察4]結果値_1,内科診察4,結果値_1,
Sheet2,AB70,**[聴力左4000]基準値,聴力左4000,基準値,4000Hz
Sheet2,AG70,**[聴力左4000]HL_1,聴力左4000,HL_1,4000Hz
Sheet2,AI70,**[聴力左4000]結果値_1,聴力左4000,結果値_1,4000Hz
Sheet2,AQ70,**[聴力左4000]HL_2,聴力左4000,HL_2,4000Hz
Sheet2,AS70,**[聴力左4000]結果値_2,聴力左4000,結果値_2,4000Hz
Sheet2,BA70,**[聴力左4000]HL_3,聴力左4000,HL_3,4000Hz
Sheet2,BC70,**[聴力左4000]結果値_3,聴力左4000,結果値_3,4000Hz
Sheet2,BX70,**[判定_乳腺ｴｺｰ]判定_1,判定_乳腺ｴｺｰ,判定_1,乳　房
Sheet2,BZ70,**[乳腺ｴｺｰ1]結果値_1,乳腺ｴｺｰ1,結果値_1,乳　房
Sheet2,CQ70,**[乳腺ｴｺｰ1]結果値_2,乳腺ｴｺｰ1,結果値_2,乳　房
Sheet2,DH70,**[乳腺ｴｺｰ1]結果値_3,乳腺ｴｺｰ1,結果値_3,乳　房
Sheet2,Q71,**[判定_肺機能]判定_1,判定_肺機能,判定_1,肺機能
Sheet2,AB71,**[肺活量]基準値,肺活量,基準値,肺活量〔L〕
Sheet2,AG71,**[肺活量]HL_1,肺活量,HL_1,肺活量〔L〕
Sheet2,AI71,**[肺活量]結果値_1,肺活量,結果値_1,肺活量〔L〕
Sheet2,AQ71,**[肺活量]HL_2,肺活量,HL_2,肺活量〔L〕
Sheet2,AS71,**[肺活量]結果値_2,肺活量,結果値_2,肺活量〔L〕
Sheet2,BA71,**[肺活量]HL_3,肺活量,HL_3,肺活量〔L〕
Sheet2,BC71,**[肺活量]結果値_3,肺活量,結果値_3,肺活量〔L〕
Sheet2,AB72,**[予測肺活量]基準値,予測肺活量,基準値,予測肺活量〔L〕
Sheet2,AG72,**[予測肺活量]HL_1,予測肺活量,HL_1,予測肺活量〔L〕
Sheet2,AI72,**[予測肺活量]結果値_1,予測肺活量,結果値_1,予測肺活量〔L〕
Sheet2,AQ72,**[予測肺活量]HL_2,予測肺活量,HL_2,予測肺活量〔L〕
Sheet2,AS72,**[予測肺活量]結果値_2,予測肺活量,結果値_2,予測肺活量〔L〕
Sheet2,BA72,**[予測肺活量]HL_3,予測肺活量,HL_3,予測肺活量〔L〕
Sheet2,BC72,**[予測肺活量]結果値_3,予測肺活量,結果値_3,予測肺活量〔L〕
Sheet2,BZ72,**[乳腺ｴｺｰ2]結果値_1,乳腺ｴｺｰ2,結果値_1,予測肺活量〔L〕
Sheet2,CQ72,**[乳腺ｴｺｰ2]結果値_2,乳腺ｴｺｰ2,結果値_2,予測肺活量〔L〕
Sheet2,DH72,**[乳腺ｴｺｰ2]結果値_3,乳腺ｴｺｰ2,結果値_3,予測肺活量〔L〕
Sheet2,F73,**[薬剤治療中1]結果値_1,薬剤治療中1,結果値_1,血圧の薬
Sheet2,AB73,**[%肺活量]基準値,%肺活量,基準値,％肺活量〔%〕
Sheet2,AG73,**[%肺活量]HL_1,%肺活量,HL_1,％肺活量〔%〕
Sheet2,AI73,**[%肺活量]結果値_1,%肺活量,結果値_1,％肺活量〔%〕
Sheet2,AQ73,**[%肺活量]HL_2,%肺活量,HL_2,％肺活量〔%〕
Sheet2,AS73,**[%肺活量]結果値_2,%肺活量,結果値_2,％肺活量〔%〕
Sheet2,BA73,**[%肺活量]HL_3,%肺活量,HL_3,％肺活量〔%〕
Sheet2,BC73,**[%肺活量]結果値_3,%肺活量,結果値_3,％肺活量〔%〕
Sheet2,F74,**[薬剤治療中2]結果値_1,薬剤治療中2,結果値_1,血糖の薬
Sheet2,AB74,**[努力性肺活量]基準値,努力性肺活量,基準値,努力性肺活量〔L〕
Sheet2,AG74,**[努力性肺活量]HL_1,努力性肺活量,HL_1,努力性肺活量〔L〕
Sheet2,AI74,**[努力性肺活量]結果値_1,努力性肺活量,結果値_1,努力性肺活量〔L〕
Sheet2,AQ74,**[努力性肺活量]HL_2,努力性肺活量,HL_2,努力性肺活量〔L〕
Sheet2,AS74,**[努力性肺活量]結果値_2,努力性肺活量,結果値_2,努力性肺活量〔L〕
Sheet2,BA74,**[努力性肺活量]HL_3,努力性肺活量,HL_3,努力性肺活量〔L〕
Sheet2,BC74,**[努力性肺活量]結果値_3,努力性肺活量,結果値_3,努力性肺活量〔L〕
Sheet2,BZ74,**[乳腺ｴｺｰ3]結果値_1,乳腺ｴｺｰ3,結果値_1,努力性肺活量〔L〕
Sheet2,CQ74,**[乳腺ｴｺｰ3]結果値_2,乳腺ｴｺｰ3,結果値_2,努力性肺活量〔L〕
Sheet2,DH74,**[乳腺ｴｺｰ3]結果値_3,乳腺ｴｺｰ3,結果値_3,努力性肺活量〔L〕
Sheet2,F75,**[薬剤治療中3]結果値_1,薬剤治療中3,結果値_1,脂質の薬
Sheet2,AB75,**[1秒量]基準値,1秒量,基準値,1秒量〔L〕
Sheet2,AG75,**[1秒量]HL_1,1秒量,HL_1,1秒量〔L〕
Sheet2,AI75,**[1秒量]結果値_1,1秒量,結果値_1,1秒量〔L〕
Sheet2,AQ75,**[1秒量]HL_2,1秒量,HL_2,1秒量〔L〕
Sheet2,AS75,**[1秒量]結果値_2,1秒量,結果値_2,1秒量〔L〕
Sheet2,BA75,**[1秒量]HL_3,1秒量,HL_3,1秒量〔L〕
Sheet2,BC75,**[1秒量]結果値_3,1秒量,結果値_3,1秒量〔L〕
Sheet2,AB76,**[1秒率]基準値,1秒率,基準値,1秒率〔%〕
Sheet2,AG76,**[1秒率]HL_1,1秒率,HL_1,1秒率〔%〕
Sheet2,AI76,**[1秒率]結果値_1,1秒率,結果値_1,1秒率〔%〕
Sheet2,AQ76,**[1秒率]HL_2,1秒率,HL_2,1秒率〔%〕
Sheet2,AS76,**[1秒率]結果値_2,1秒率,結果値_2,1秒率〔%〕
Sheet2,BA76,**[1秒率]HL_3,1秒率,HL_3,1秒率〔%〕
Sheet2,BC76,**[1秒率]結果値_3,1秒率,結果値_3,1秒率〔%〕
Sheet2,BX76,**[判定_子宮頸部]判定_1,判定_子宮頸部,判定_1,子　宮
Sheet2,CE76,**[子宮頸部細胞診1]結果値_1,子宮頸部細胞診1,結果値_1,<分類Ⅰ>
Sheet2,CV76,**[子宮頸部細胞診1]結果値_2,子宮頸部細胞診1,結果値_2,<分類Ⅰ>
Sheet2,DM76,**[子宮頸部細胞診1]結果値_3,子宮頸部細胞診1,結果値_3,<分類Ⅰ>
Sheet2,F77,**[特定健診_質問8]結果値_1,特定健診_質問8,結果値_1,喫煙歴
Sheet2,AB77,**[%1秒量]基準値,%1秒量,基準値,％1秒量〔%〕
Sheet2,AG77,**[%1秒量]HL_1,%1秒量,HL_1,％1秒量〔%〕
Sheet2,AI77,**[%1秒量]結果値_1,%1秒量,結果値_1,％1秒量〔%〕
Sheet2,AQ77,**[%1秒量]HL_2,%1秒量,HL_2,％1秒量〔%〕
Sheet2,AS77,**[%1秒量]結果値_2,%1秒量,結果値_2,％1秒量〔%〕
Sheet2,BA77,**[%1秒量]HL_3,%1秒量,HL_3,％1秒量〔%〕
Sheet2,BC77,**[%1秒量]結果値_3,%1秒量,結果値_3,％1秒量〔%〕
Sheet2,CE77,**[子宮頸部細胞診2]結果値_1,子宮頸部細胞診2,結果値_1,<分類Ⅱ>
Sheet2,CV77,**[子宮頸部細胞診2]結果値_2,子宮頸部細胞診2,結果値_2,<分類Ⅱ>
Sheet2,DM77,**[子宮頸部細胞診2]結果値_3,子宮頸部細胞診2,結果値_3,<分類Ⅱ>
